sample_date,species_name,larger_group,density,avg_length,individuals_measured,ug_m2,ug_m3,ug_L
2007-03-08,copepod nauplii,COPEPODA,310529,0.5731928104575164,NA,361519.745907388,120506.58196912933,120.50658196912933
2007-03-08,copepodites,COPEPODA,14854,0.44,21,14598.456751080988,4866.152250360329,4.866152250360329
2007-03-08,diacyclops thomasi,COPEPODA,103274,0.44,NA,184411.8609188372,61470.62030627907,61.470620306279066
2007-03-08,diaptomid,COPEPODA,15562,1.1102891156462584,NA,57523.77271772818,19174.590905909394,19.174590905909394
2007-03-08,daphnia pulicaria,CLADOCERA,707,0.99,3,4811.159946420277,1603.7199821400925,1.6037199821400925
2007-03-08,sinobosmina fryei,CLADOCERA,25229,0.57,78,127819.87692347013,42606.62564115671,42.60662564115671
2007-04-18,copepod nauplii,COPEPODA,163399,0.5731928104575164,NA,190230.1072090571,63410.03573635237,63.41003573635237
2007-04-18,copepodites,COPEPODA,66491,0.43,81,61839.25693737571,20613.085645791904,20.613085645791905
2007-04-18,diacyclops thomasi,COPEPODA,109640,0.44,NA,195779.34844337692,65259.78281445897,65.25978281445897
2007-04-18,diaptomid,COPEPODA,12025,1.1102891156462584,NA,44449.515931800626,14816.505310600209,14.816505310600208
2007-04-18,chydorus,CLADOCERA,9903,0.32,42,14613.112880481816,4871.037626827272,4.871037626827272
2007-04-18,daphnia pulicaria,CLADOCERA,13204,0.92,56,73605.63405244576,24535.211350815254,24.535211350815253
2007-04-18,sinobosmina fryei,CLADOCERA,6602,0.44,28,18783.373685048493,6261.124561682831,6.261124561682831
2007-07-11,copepod nauplii,COPEPODA,36075,0.5731928104575164,NA,41998.73388188872,13999.577960629575,13.999577960629574
2007-07-11,copepodites,COPEPODA,707,0.39,1,520.1775143670459,173.3925047890153,0.1733925047890153
2007-07-11,diacyclops thomasi,COPEPODA,16269,0.44,NA,29050.84111478748,9683.61370492916,9.68361370492916
2007-07-11,diaptomid,COPEPODA,31831,1.1102891156462584,NA,117660.91822246535,39220.306074155116,39.22030607415512
2007-07-11,chydorus,CLADOCERA,3301,0.28,12,3739.5610364944896,1246.5203454981631,1.246520345498163
2007-07-11,daphnia retrocurva,CLADOCERA,7074,1.03,30,57928.073157634615,19309.357719211537,19.309357719211537
2007-07-11,diaphanosoma birgei,CLADOCERA,69085,0.74,90,255724.15409959198,85241.384699864,85.241384699864
2007-07-11,sinobosmina fryei,CLADOCERA,71207,0.4,90,163814.49720817167,54604.83240272389,54.60483240272389
2007-08-08,copepod nauplii,COPEPODA,20513,0.5731928104575164,NA,23881.359060822822,7960.453020274274,7.960453020274274
2007-08-08,copepodites,COPEPODA,2122,0.43,3,1973.543836325386,657.8479454417953,0.6578479454417954
2007-08-08,diacyclops thomasi,COPEPODA,11318,0.44,NA,20210.057147775813,6736.685715925271,6.7366857159252715
2007-08-08,diaptomid,COPEPODA,6366,1.1102891156462584,NA,23531.444359404806,7843.814786468269,7.843814786468268
2007-08-08,chydorus,CLADOCERA,1415,0.34,6,2354.2531867625635,784.7510622541878,0.7847510622541878
2007-08-08,daphnia retrocurva,CLADOCERA,31831,0.78,90,121172.54733436233,40390.84911145411,40.39084911145411
2007-08-08,diaphanosoma birgei,CLADOCERA,62955,0.71,90,223164.57715530126,74388.19238510042,74.38819238510042
2007-08-08,sinobosmina fryei,CLADOCERA,31595,0.37,90,61090.62106416374,20363.540354721245,20.363540354721245
2007-09-05,copepod nauplii,COPEPODA,14147,0.5731928104575164,NA,16470.023235677887,5490.007745225962,5.490007745225962
2007-09-05,copepodites,COPEPODA,2122,0.49,3,2700.1822376353016,900.0607458784339,0.9000607458784339
2007-09-05,diacyclops thomasi,COPEPODA,11318,0.44,NA,20210.057147775813,6736.685715925271,6.7366857159252715
2007-09-05,diaptomid,COPEPODA,7781,1.1102891156462584,NA,28761.88635886409,9587.295452954697,9.587295452954697
2007-09-05,chydorus,CLADOCERA,472,0.23,2,362.24256947416546,120.74752315805516,0.12074752315805516
2007-09-05,daphnia retrocurva,CLADOCERA,30180,0.86,90,150350.2914359024,50116.763811967474,50.11676381196747
2007-09-05,diaphanosoma birgei,CLADOCERA,11553,0.73,49,42160.37435950148,14053.458119833827,14.053458119833827
2007-09-05,sinobosmina fryei,CLADOCERA,30652,0.44,90,87208.11423721696,29069.371412405653,29.069371412405655
2007-10-31,copepod nauplii,COPEPODA,14147,0.5731928104575164,NA,16470.023235677887,5490.007745225962,5.490007745225962
2007-10-31,copepodites,COPEPODA,3537,0.43,5,3289.549740378365,1096.5165801261217,1.0965165801261216
2007-10-31,diacyclops thomasi,COPEPODA,9196,0.44,4,16420.8946395959,5473.631546531967,5.4736315465319665
2007-10-31,diaptomid,COPEPODA,14854,1.1102891156462584,NA,54906.70350527788,18302.234501759292,18.302234501759294
2007-10-31,chydorus,CLADOCERA,707,0.27,3,745.2949598169769,248.43165327232563,0.24843165327232564
2007-10-31,daphnia retrocurva,CLADOCERA,15798,0.86,67,78702.24997032428,26234.083323441428,26.23408332344143
2007-10-31,sinobosmina fryei,CLADOCERA,60361,0.43,91,163154.35772424575,54384.78590808192,54.384785908081916
2008-02-18,copepod nauplii,COPEPODA,26880,0.5731928104575164,NA,31293.85909203517,10431.286364011723,10.431286364011722
2008-02-18,copepodites,COPEPODA,12025,0.45,17,12473.03734163321,4157.679113877736,4.1576791138777365
2008-02-18,diacyclops thomasi,COPEPODA,12025,0.44,NA,21472.516098427648,7157.505366142549,7.157505366142549
2008-02-18,diaptomid,COPEPODA,25465,1.1102891156462584,NA,94129.47386306054,31376.491287686847,31.376491287686846
2008-02-18,daphnia retrocurva,CLADOCERA,707,1.35,3,12200.28339181122,4066.7611306037397,4.06676113060374
2008-02-18,daphnia pulicaria,CLADOCERA,707,0.86,3,3280.634541927857,1093.5448473092856,1.0935448473092857
2008-02-18,sinobosmina fryei,CLADOCERA,1650,0.45,7,4935.5740956047575,1645.1913652015858,1.6451913652015857
2008-04-15,copepod nauplii,COPEPODA,99737,0.5731928104575164,NA,116114.42054547291,38704.80684849097,38.70480684849097
2008-04-15,copepodites,COPEPODA,7074,0.45,10,7337.568910994871,2445.856303664957,2.445856303664957
2008-04-15,diacyclops thomasi,COPEPODA,29709,0.44,NA,53050.06077074321,17683.353590247734,17.683353590247734
2008-04-15,diaptomid,COPEPODA,7781,1.1102891156462584,NA,28761.88635886409,9587.295452954697,9.587295452954697
2008-04-15,chydorus,CLADOCERA,3301,0.28,14,3739.5610364944896,1246.5203454981631,1.246520345498163
2008-04-15,daphnia pulicaria,CLADOCERA,3065,0.71,13,8444.148056881011,2814.716018960337,2.814716018960337
2008-04-15,sinobosmina fryei,CLADOCERA,3301,0.4,14,7594.080010169992,2531.3600033899975,2.5313600033899974
2008-07-09,copepod nauplii,COPEPODA,168351,0.5731928104575164,NA,195995.25565488145,65331.75188496048,65.33175188496048
2008-07-09,copepodites,COPEPODA,38197,0.42,27,33574.121369315355,11191.373789771786,11.191373789771786
2008-07-09,diacyclops thomasi,COPEPODA,43856,0.44,NA,78311.73937735076,26103.913125783587,26.10391312578359
2008-07-09,mesocyclops edax,COPEPODA,8488,1.1383269314459792,NA,122874.91228952365,40958.30409650788,40.95830409650788
2008-07-09,diaptomid,COPEPODA,24050,1.1102891156462584,NA,88899.03186360125,29633.010621200418,29.633010621200416
2008-07-09,chydorus,CLADOCERA,23107,0.31,49,32020.214462977372,10673.404820992457,10.673404820992456
2008-07-09,daphnia mendotae,CLADOCERA,1415,1.24,3,21497.997462213512,7165.999154071171,7.165999154071171
2008-07-09,daphnia retrocurva,CLADOCERA,6130,0.63,13,12955.627787647187,4318.542595882395,4.318542595882395
2008-07-09,daphnia pulicaria,CLADOCERA,472,0.59,1,785.8906509918216,261.96355033060723,0.26196355033060725
2008-07-09,diaphanosoma birgei,CLADOCERA,3301,0.64,7,10498.000950328164,3499.3336501093877,3.4993336501093877
2008-07-09,sinobosmina fryei,CLADOCERA,2358,0.34,5,3776.0798743587084,1258.6932914529027,1.2586932914529028
2008-08-06,copepod nauplii,COPEPODA,101859,0.5731928104575164,NA,118584.86582052123,39528.28860684041,39.52828860684041
2008-08-06,copepodites,COPEPODA,21221,0.43,15,19736.368402762026,6578.789467587342,6.578789467587343
2008-08-06,diacyclops thomasi,COPEPODA,7074,0.44,NA,12631.732131415984,4210.577377138661,4.210577377138661
2008-08-06,mesocyclops edax,COPEPODA,1415,1.1383269314459792,NA,20483.977484646086,6827.992494882029,6.827992494882029
2008-08-06,diaptomid,COPEPODA,32538,1.1102891156462584,NA,120274.29100947433,40091.430336491445,40.09143033649144
2008-08-06,chydorus,CLADOCERA,1415,0.31,3,1960.8172183802737,653.6057394600913,0.6536057394600913
2008-08-06,daphnia retrocurva,CLADOCERA,22635,0.71,48,66500.11666030486,22166.705553434953,22.16670555343495
2008-08-06,diaphanosoma birgei,CLADOCERA,40083,0.82,84,165182.2149720535,55060.73832401784,55.06073832401784
2008-08-06,sinobosmina fryei,CLADOCERA,12261,0.38,26,25159.33889832605,8386.446299442016,8.386446299442015
2008-09-08,copepod nauplii,COPEPODA,20513,0.5731928104575164,NA,23881.359060822822,7960.453020274274,7.960453020274274
2008-09-08,copepodites,COPEPODA,2829,0.38,4,1955.647980131934,651.882660043978,0.651882660043978
2008-09-08,diacyclops thomasi,COPEPODA,11318,0.44,NA,20210.057147775813,6736.685715925271,6.7366857159252715
2008-09-08,mesocyclops edax,COPEPODA,707,1.1383269314459792,NA,10234.750587734829,3411.583529244943,3.411583529244943
2008-09-08,diaptomid,COPEPODA,7781,1.1102891156462584,NA,28761.88635886409,9587.295452954697,9.587295452954697
2008-09-08,chydorus,CLADOCERA,2594,0.26,11,2537.6532229271857,845.8844076423952,0.8458844076423953
2008-09-08,daphnia,CLADOCERA,472,0.64,2,2110.7497998933536,703.5832666311179,0.7035832666311179
2008-09-08,daphnia retrocurva,CLADOCERA,13911,0.72,59,42475.23112710479,14158.410375701596,14.158410375701596
2008-09-08,diaphanosoma birgei,CLADOCERA,4716,0.63,20,14753.10989812562,4917.703299375206,4.917703299375207
2008-09-08,sinobosmina fryei,CLADOCERA,15562,0.36,66,28307.207794245143,9435.735931415047,9.435735931415048
2008-11-03,copepod nauplii,COPEPODA,39612,0.5731928104575164,NA,46116.53074232504,15372.176914108348,15.372176914108348
2008-11-03,copepodites,COPEPODA,15562,0.42,22,13678.573624873303,4559.524541624434,4.559524541624434
2008-11-03,diacyclops thomasi,COPEPODA,12732,0.44,NA,22734.975049079487,7578.325016359829,7.578325016359829
2008-11-03,mesocyclops edax,COPEPODA,707,1.1383269314459792,NA,10234.750587734829,3411.583529244943,3.411583529244943
2008-11-03,diaptomid,COPEPODA,21221,1.1102891156462584,NA,78441.844290124,26147.281430041334,26.147281430041335
2008-11-03,aglaodiaptomus clavipes,COPEPODA,3537,1.4,5,23126.99644228812,7708.99881409604,7.708998814096041
2008-11-03,chydorus,CLADOCERA,3773,0.28,16,4274.269551861166,1424.7565172870554,1.4247565172870553
2008-11-03,daphnia,CLADOCERA,236,0.64,NA,1055.3748999466768,351.79163331555895,0.35179163331555896
2008-11-03,daphnia retrocurva,CLADOCERA,2829,0.81,12,11949.391147880273,3983.1303826267576,3.9831303826267574
2008-11-03,sinobosmina fryei,CLADOCERA,24993,0.34,90,40023.564164481424,13341.188054827142,13.341188054827143
2009-02-16,copepod nauplii,COPEPODA,94786,0.5731928104575164,NA,110350.43630571598,36783.47876857199,36.783478768571996
2009-02-16,copepodites,COPEPODA,8488,0.47,12,9772.762270316302,3257.587423438767,3.257587423438767
2009-02-16,diacyclops thomasi,COPEPODA,30416,0.44,NA,54312.519721395045,18104.173240465014,18.104173240465013
2009-02-16,diaptomid,COPEPODA,47393,1.34,66,278228.2298339356,92742.74327797854,92.74274327797855
2009-02-16,daphnia mendotae,CLADOCERA,1650,1.08,7,20291.618081222605,6763.872693740868,6.763872693740868
2009-02-16,sinobosmina fryei,CLADOCERA,11789,0.39,50,25632.84437046435,8544.28145682145,8.544281456821452
2009-04-13,copepod nauplii,COPEPODA,319017,0.5731928104575164,NA,371401.52700758126,123800.50900252709,123.8005090025271
2009-04-13,copepodites,COPEPODA,19099,0.45,27,19810.60625262808,6603.535417542694,6.603535417542694
2009-04-13,diacyclops thomasi,COPEPODA,141471,0.44,NA,252618.57172230005,84206.19057410002,84.20619057410002
2009-04-13,mesocyclops edax,COPEPODA,8488,1.1383269314459792,NA,122874.91228952365,40958.30409650788,40.95830409650788
2009-04-13,diaptomid,COPEPODA,27587,1.26,38,139195.5027465761,46398.500915525365,46.39850091552537
2009-04-13,chydorus,CLADOCERA,3301,0.31,14,4574.31635185391,1524.7721172846368,1.524772117284637
2009-04-13,daphnia mendotae,CLADOCERA,2829,0.96,12,29053.07418498708,9684.35806166236,9.68435806166236
2009-04-13,daphnia pulicaria,CLADOCERA,15090,0.94,64,89186.60939443366,29728.869798144555,29.728869798144554
2009-04-13,sinobosmina fryei,CLADOCERA,25465,0.4,92,58583.23158405903,19527.74386135301,19.52774386135301
2009-06-11,copepod nauplii,COPEPODA,148545,0.5731928104575164,NA,172936.99028371891,57645.66342790631,57.64566342790631
2009-06-11,copepodites,COPEPODA,8488,0.56,6,14881.05562712549,4960.351875708497,4.960351875708497
2009-06-11,acanthocyclops,COPEPODA,8488,0.54,NA,10755.015145772322,3585.005048590774,3.5850050485907743
2009-06-11,diacyclops thomasi,COPEPODA,12732,0.44,NA,22734.975049079487,7578.325016359829,7.578325016359829
2009-06-11,mesocyclops edax,COPEPODA,7074,1.1383269314459792,NA,102405.41111405399,34135.137038017994,34.135137038017994
2009-06-11,tropocyclops,COPEPODA,1415,0.70225,NA,8710.666724213173,2903.5555747377243,2.9035555747377244
2009-06-11,diaptomid,COPEPODA,200889,1.2,96,898982.4432766561,299660.81442555203,299.660814425552
2009-06-11,chydorus,CLADOCERA,16505,0.26,35,16146.478968547879,5382.159656182626,5.382159656182626
2009-06-11,daphnia mendotae,CLADOCERA,51873,1.3,91,847198.5191888625,282399.5063962875,282.3995063962875
2009-06-11,daphnia retrocurva,CLADOCERA,49986,1.21,88,637960.13769272645,212653.37923090882,212.65337923090883
2009-06-11,daphnia pulicaria,CLADOCERA,1886,0.8980666666666667,NA,9845.633610571918,3281.8778701906394,3.2818778701906393
2009-06-11,sinobosmina fryei,CLADOCERA,37726,0.44,79,107334.37680129346,35778.12560043115,35.77812560043115
2009-07-07,copepod nauplii,COPEPODA,121665,0.5731928104575164,NA,141643.13119168373,47214.37706389458,47.21437706389458
2009-07-07,copepodites,COPEPODA,7781,0.5,11,10392.99049614437,3464.3301653814565,3.4643301653814564
2009-07-07,diacyclops thomasi,COPEPODA,7781,0.44,NA,13894.19108206782,4631.39702735594,4.6313970273559395
2009-07-07,mesocyclops edax,COPEPODA,6366,1.1383269314459792,NA,92156.18421714274,30718.728072380913,30.718728072380912
2009-07-07,tropocyclops,COPEPODA,2829,0.70225,NA,17415.177500211354,5805.059166737118,5.805059166737118
2009-07-07,diaptomid,COPEPODA,52344,1.13,65,202045.44609281098,67348.482030937,67.34848203093699
2009-07-07,chydorus,CLADOCERA,19570,0.25,80,17714.705214268757,5904.901738089586,5.904901738089586
2009-07-07,daphnia mendotae,CLADOCERA,3537,1.09,15,44115.66109714964,14705.220365716546,14.705220365716546
2009-07-07,daphnia retrocurva,CLADOCERA,111291,0.97,102,772446.5413869153,257482.18046230508,257.4821804623051
2009-07-07,diaphanosoma birgei,CLADOCERA,8488,0.6,36,25232.46159523302,8410.82053174434,8.41082053174434
2009-07-07,sinobosmina fryei,CLADOCERA,213857,0.38,107,438830.4982284735,146276.83274282448,146.27683274282447
2009-08-03,copepod nauplii,COPEPODA,93371,0.5731928104575164,NA,108703.08472032797,36234.36157344266,36.234361573442655
2009-08-03,copepodites,COPEPODA,4951,0.42,7,4351.79398642512,1450.59799547504,1.45059799547504
2009-08-03,diacyclops thomasi,COPEPODA,5659,0.44,NA,10105.028573887907,3368.3428579626357,3.3683428579626358
2009-08-03,diaptomid,COPEPODA,11318,0.86,16,22317.475553136388,7439.15851771213,7.43915851771213
2009-08-03,chydorus,CLADOCERA,4480,0.23,19,3438.2345577208926,1146.078185906964,1.1460781859069642
2009-08-03,daphnia retrocurva,CLADOCERA,236,0.9,1,1332.5879166103803,444.1959722034601,0.4441959722034601
2009-08-03,diaphanosoma birgei,CLADOCERA,943,0.58,4,2705.6480649762498,901.8826883254166,0.9018826883254165
2009-08-03,sinobosmina fryei,CLADOCERA,472,0.24,2,347.73515198320587,115.91171732773529,0.1159117173277353
2009-08-31,copepod nauplii,COPEPODA,78516,0.5731928104575164,NA,91408.80358892237,30469.601196307456,30.469601196307455
2009-08-31,copepodites,COPEPODA,16977,0.42,24,14922.320037879068,4974.106679293022,4.974106679293023
2009-08-31,diacyclops thomasi,COPEPODA,53052,0.44,NA,94732.63401694667,31577.54467231556,31.577544672315558
2009-08-31,mesocyclops edax,COPEPODA,90541,1.1383269314459792,NA,1310699.5091429972,436899.83638099907,436.8998363809991
2009-08-31,diaptomid,COPEPODA,100444,1.05,92,323637.51894313603,107879.17298104534,107.87917298104534
2009-08-31,chydorus,CLADOCERA,8252,0.24,35,6889.7974793026415,2296.599159767547,2.296599159767547
2009-08-31,daphnia retrocurva,CLADOCERA,236,1.79,1,8859.874698489723,2953.291566163241,2.953291566163241
2009-08-31,diaphanosoma birgei,CLADOCERA,11789,0.84,50,49822.176029153576,16607.39200971786,16.60739200971786
2009-08-31,sinobosmina fryei,CLADOCERA,1650,0.42,7,4232.009704670351,1410.6699015567838,1.4106699015567838
2009-11-04,copepod nauplii,COPEPODA,63662,0.5731928104575164,NA,74115.68666358419,24705.228887861394,24.705228887861395
2009-11-04,copepodites,COPEPODA,2122,0.39,3,1561.26829630392,520.4227654346399,0.52042276543463994
2009-11-04,diacyclops thomasi,COPEPODA,33953,0.44,NA,60628.385787103034,20209.461929034343,20.209461929034344
2009-11-04,mesocyclops edax,COPEPODA,1415,1.1383269314459792,NA,20483.977484646086,6827.992494882029,6.827992494882029
2009-11-04,diaptomid,COPEPODA,40319,1.28,57,211473.26254439037,70491.08751479679,70.49108751479679
2009-11-04,chydorus,CLADOCERA,16741,0.33,71,26255.038212231462,8751.679404077155,8.751679404077155
2009-11-04,daphnia mendotae,CLADOCERA,707,1.1,3,8942.237606023726,2980.7458686745754,2.9807458686745756
2009-11-04,daphnia retrocurva,CLADOCERA,2122,1.25,9,29621.479976749986,9873.826658916661,9.873826658916661
2009-11-04,sinobosmina fryei,CLADOCERA,17684,0.35,73,30209.274911936074,10069.758303978691,10.069758303978691
2010-02-05,copepod nauplii,COPEPODA,41734,0.5731928104575164,NA,48586.97601737335,16195.658672457785,16.195658672457785
2010-02-05,diacyclops thomasi,COPEPODA,9903,0.44,NA,17683.353590247734,5894.451196749244,5.894451196749245
2010-02-05,diaptomid,COPEPODA,2829,1.36,3,17224.548633141916,5741.516211047306,5.741516211047306
2010-02-05,sinobosmina fryei,CLADOCERA,943,0.46,4,2962.394500716513,987.464833572171,0.987464833572171
2010-04-14,copepod nauplii,COPEPODA,430779,0.5731928104575164,NA,501515.52551368374,167171.84183789458,167.1718418378946
2010-04-14,copepodites,COPEPODA,2122,0.38,3,1466.908806588888,488.96960219629597,0.488969602196296
2010-04-14,diacyclops thomasi,COPEPODA,166936,0.44,NA,298090.3074766834,99363.43582556113,99.36343582556113
2010-04-14,mesocyclops edax,COPEPODA,16977,1.1383269314459792,NA,245764.30088822372,81921.43362940791,81.92143362940791
2010-04-14,diaptomid,COPEPODA,35368,1.3,50,192717.13764602965,64239.04588200988,64.23904588200988
2010-04-14,chydorus,CLADOCERA,9196,0.32,39,13569.846112179217,4523.282037393073,4.523282037393073
2010-04-14,daphnia mendotae,CLADOCERA,2122,1.07,9,25727.414344973917,8575.804781657973,8.575804781657974
2010-04-14,daphnia retrocurva,CLADOCERA,707,1.15,3,7843.483901272916,2614.494633757639,2.614494633757639
2010-04-14,daphnia pulicaria,CLADOCERA,45742,0.84,95,199093.6734378286,66364.55781260954,66.36455781260953
2010-04-14,sinobosmina fryei,CLADOCERA,147601,0.41,96,358776.1063684593,119592.0354561531,119.5920354561531
2010-06-10,copepod nauplii,COPEPODA,132275,0.5731928104575164,NA,153995.3575669253,51331.78585564176,51.33178585564176
2010-06-10,copepodites,COPEPODA,3537,0.41,5,2934.2250496247616,978.0750165415872,0.9780750165415871
2010-06-10,diacyclops thomasi,COPEPODA,16977,0.44,NA,30315.08572166372,10105.028573887907,10.105028573887907
2010-06-10,mesocyclops edax,COPEPODA,48808,1.1383269314459792,NA,706559.6982831139,235519.89942770463,235.51989942770462
2010-06-10,diaptomid,COPEPODA,77102,1.27,91,396672.40130830946,132224.13376943648,132.2241337694365
2010-06-10,chydorus,CLADOCERA,13440,0.28,57,15225.598403661297,5075.199467887099,5.075199467887098
2010-06-10,daphnia mendotae,CLADOCERA,2358,1.12,10,30658.077931088465,10219.359310362821,10.21935931036282
2010-06-10,daphnia retrocurva,CLADOCERA,15326,1.15,65,170027.20547511842,56675.73515837281,56.67573515837281
2010-06-10,daphnia pulicaria,CLADOCERA,1415,1.02,6,10443.631973061729,3481.210657687243,3.481210657687243
2010-06-10,diaphanosoma birgei,CLADOCERA,4244,0.87,18,18606.128173332683,6202.042724444228,6.202042724444228
2010-06-10,sinobosmina fryei,CLADOCERA,4716,0.35,20,8056.262185291253,2685.420728430418,2.685420728430418
2010-07-07,copepod nauplii,COPEPODA,12025,0.5731928104575164,NA,13999.577960629573,4666.525986876524,4.6665259868765245
2010-07-07,copepodites,COPEPODA,11318,0.31,16,4799.708466773307,1599.902822257769,1.599902822257769
2010-07-07,mesocyclops edax,COPEPODA,7781,1.1383269314459792,NA,112640.16170178882,37546.72056726294,37.546720567262945
2010-07-07,diaptomid,COPEPODA,5659,1.1102891156462584,NA,20918.07157239582,6972.69052413194,6.97269052413194
2010-07-07,chydorus,CLADOCERA,707,0.17,3,298.2614751554116,99.42049171847053,0.09942049171847053
2010-07-07,daphnia retrocurva,CLADOCERA,943,0.61,4,1823.506686410104,607.8355621367014,0.6078355621367013
2010-07-07,daphnia pulicaria,CLADOCERA,236,1.17,1,2529.765112599567,843.255037533189,0.843255037533189
2010-07-07,diaphanosoma birgei,CLADOCERA,8960,0.55,37,24319.27033533058,8106.423445110194,8.106423445110194
2010-07-07,sinobosmina fryei,CLADOCERA,3065,0.37,13,5926.341305955431,1975.4471019851437,1.9754471019851436
2010-08-05,copepodites,COPEPODA,6366,0.38,8,4400.726419766664,1466.908806588888,1.466908806588888
2010-08-05,acanthocyclops,COPEPODA,2829,0.54,2,3584.5826870157753,1194.8608956719252,1.194860895671925
2010-08-05,mesocyclops edax,COPEPODA,707,1.1383269314459792,NA,10234.750587734829,3411.583529244943,3.411583529244943
2010-08-05,diaptomid,COPEPODA,4951,1.1102891156462584,NA,18301.002359945523,6100.3341199818415,6.1003341199818415
2010-08-05,daphnia mendotae,CLADOCERA,943,0.75,3,6637.707990222556,2212.5693300741855,2.2125693300741855
2010-08-05,daphnia retrocurva,CLADOCERA,1179,0.93,5,7286.7342497147,2428.911416571567,2.428911416571567
2010-08-05,daphnia pulicaria,CLADOCERA,236,0.59,1,392.9453254959108,130.98177516530362,0.13098177516530363
2010-08-05,diaphanosoma birgei,CLADOCERA,2829,0.66,10,9291.105448300686,3097.0351494335623,3.0970351494335624
2010-08-05,sinobosmina fryei,CLADOCERA,1179,0.35,5,2014.0655463228134,671.3551821076045,0.6713551821076045
2010-08-31,copepodites,COPEPODA,118128,0.32,36,54061.72555157442,18020.57518385814,18.02057518385814
2010-08-31,acanthocyclops,COPEPODA,2122,0.54,NA,2688.7537864430806,896.2512621476935,0.8962512621476936
2010-08-31,tropocyclops prasinus mexicanus,COPEPODA,1415,0.70225,NA,8710.666724213173,2903.5555747377243,2.9035555747377244
2010-08-31,diaptomid,COPEPODA,2122,1.1102891156462584,NA,7843.814786468269,2614.6049288227564,2.6146049288227564
2010-08-31,chydorus,CLADOCERA,31124,0.19,62,16364.287391155118,5454.762463718373,5.454762463718373
2010-08-31,daphnia mendotae,CLADOCERA,943,0.68,4,5713.530311491682,1904.5101038305609,1.904510103830561
2010-08-31,daphnia retrocurva,CLADOCERA,472,0.83,2,2132.263460565592,710.7544868551973,0.7107544868551974
2010-08-31,diaphanosoma birgei,CLADOCERA,11789,0.56,50,32606.311361008327,10868.770453669442,10.868770453669441
2010-08-31,sinobosmina fryei,CLADOCERA,6130,0.28,25,6367.928224938549,2122.642741646183,2.122642741646183
2010-11-10,copepod nauplii,COPEPODA,78516,0.5731928104575164,NA,91408.80358892237,30469.601196307456,30.469601196307455
2010-11-10,diacyclops thomasi,COPEPODA,20513,0.44,NA,36629.16613114731,12209.722043715768,12.209722043715768
2010-11-10,diaptomid,COPEPODA,3537,1.37,3,21926.880163762286,7308.960054587428,7.308960054587428
2010-11-10,chydorus,CLADOCERA,2829,0.31,12,3920.2487002104554,1306.7495667368185,1.3067495667368185
2010-11-10,daphnia mendotae,CLADOCERA,943,0.86,4,8184.062316882854,2728.0207722942846,2.7280207722942844
2010-11-10,daphnia retrocurva,CLADOCERA,236,1.48,1,5246.5279058979,1748.8426352993001,1.7488426352993
2010-11-10,sinobosmina fryei,CLADOCERA,54702,0.35,90,93446.49153091648,31148.83051030549,31.14883051030549
2011-01-27,copepod nauplii,COPEPODA,34660,0.5731928104575164,NA,40351.382296500706,13450.460765500235,13.450460765500235
2011-01-27,copepodites,COPEPODA,2829,0.57,4,5174.992270970813,1724.9974236569376,1.7249974236569376
2011-01-27,diacyclops thomasi,COPEPODA,41734,0.44,NA,74522.57686917085,24840.858956390282,24.84085895639028
2011-01-27,diaptomid,COPEPODA,4951,1.47,7,36500.83149483985,12166.943831613282,12.166943831613281
2011-01-27,sinobosmina fryei,CLADOCERA,943,0.46,4,2962.394500716513,987.464833572171,0.987464833572171
2011-05-18,copepod nauplii,COPEPODA,163399,0.5731928104575164,NA,190230.1072090571,63410.03573635237,63.41003573635237
2011-05-18,copepodites,COPEPODA,12732,0.5,18,17005.983163720615,5668.661054573538,5.668661054573539
2011-05-18,diacyclops thomasi,COPEPODA,61540,0.44,NA,109889.28404966633,36629.76134988877,36.629761349888774
2011-05-18,mesocyclops edax,COPEPODA,4244,1.1383269314459792,NA,61437.456144761825,20479.15204825394,20.47915204825394
2011-05-18,diaptomid,COPEPODA,2829,0.64,4,2696.7759813302605,898.9253271100869,0.8989253271100869
2011-05-18,chydorus,CLADOCERA,17448,0.4,74,40046.510040946465,13348.836680315488,13.348836680315488
2011-05-18,daphnia mendotae,CLADOCERA,1886,1.02,8,21251.48955921806,7083.829853072686,7.083829853072686
2011-05-18,daphnia retrocurva,CLADOCERA,472,1.17,2,5491.140940952389,1830.3803136507966,1.8303803136507966
2011-05-18,daphnia pulicaria,CLADOCERA,30416,0.87,91,145645.5160804661,48548.505360155366,48.54850536015537
2011-05-18,sinobosmina fryei,CLADOCERA,421112,0.42,96,1080090.9519716005,360030.3173238668,360.0303173238668
2011-06-15,copepod nauplii,COPEPODA,137934,0.5731928104575164,NA,160583.59970240993,53527.86656746998,53.52786656746998
2011-06-15,copepodites,COPEPODA,19099,0.45,27,19810.60625262808,6603.535417542694,6.603535417542694
2011-06-15,diacyclops thomasi,COPEPODA,19099,0.44,NA,34104.24822984363,11368.08274328121,11.36808274328121
2011-06-15,mesocyclops edax,COPEPODA,68613,1.1383269314459792,NA,993263.0015222769,331087.6671740923,331.0876671740923
2011-06-15,diaptomid,COPEPODA,36075,1.24,51,174997.91458631153,58332.638195437175,58.33263819543718
2011-06-15,chydorus,CLADOCERA,29709,0.31,91,41168.8471666852,13722.949055561732,13.722949055561733
2011-06-15,daphnia mendotae,CLADOCERA,50222,0.94,96,499415.4229140122,166471.80763800407,166.47180763800407
2011-06-15,daphnia retrocurva,CLADOCERA,18391,1.43,78,371913.6351141518,123971.21170471727,123.97121170471726
2011-06-15,daphnia pulicaria,CLADOCERA,55881,0.99,92,380272.17675517895,126757.39225172631,126.75739225172632
2011-06-15,sinobosmina fryei,CLADOCERA,2358,0.38,10,4838.5711705613585,1612.8570568537862,1.612857056853786
2011-07-13,copepod nauplii,COPEPODA,277283,0.5731928104575164,NA,322814.5509902079,107604.8503300693,107.6048503300693
2011-07-13,copepodites,COPEPODA,34660,0.55,49,58193.71966281719,19397.906554272395,19.397906554272396
2011-07-13,diacyclops thomasi,COPEPODA,12732,0.44,NA,22734.975049079487,7578.325016359829,7.578325016359829
2011-07-13,mesocyclops edax,COPEPODA,98322,1.1383269314459792,NA,1423339.670844786,474446.55694826203,474.446556948262
2011-07-13,diaptomid,COPEPODA,161984,1.26,93,817321.3584986182,272440.45283287275,272.4404528328727
2011-07-13,chydorus,CLADOCERA,2594,0.28,11,2938.631120468557,979.5437068228524,0.9795437068228524
2011-07-13,daphnia mendotae,CLADOCERA,8960,0.94,38,89099.64137847058,29699.880459490192,29.699880459490192
2011-07-13,daphnia retrocurva,CLADOCERA,7545,1.34,32,127559.64165144069,42519.88055048023,42.51988055048023
2011-07-13,daphnia pulicaria,CLADOCERA,1650,0.92,7,9197.917008977241,3065.972336325747,3.065972336325747
2011-07-13,diaphanosoma birgei,CLADOCERA,16977,0.86,69,73534.61651316218,24511.538837720727,24.511538837720728
2011-07-13,sinobosmina fryei,CLADOCERA,11318,0.4,48,26037.503046078153,8679.16768202605,8.679167682026051
2011-08-10,copepod nauplii,COPEPODA,64369,0.5731928104575164,NA,74938.7803532445,24979.5934510815,24.9795934510815
2011-08-10,copepodites,COPEPODA,10610,0.52,15,15570.426652979595,5190.142217659865,5.190142217659865
2011-08-10,diacyclops thomasi,COPEPODA,6366,0.44,NA,11367.487524539743,3789.1625081799143,3.7891625081799143
2011-08-10,mesocyclops edax,COPEPODA,74272,1.1383269314459792,NA,1075184.4351516848,358394.81171722827,358.39481171722827
2011-08-10,diaptomid,COPEPODA,511418,1.11,92,1889207.7799223259,629735.9266407753,629.7359266407752
2011-08-10,chydorus,CLADOCERA,2358,0.26,10,2306.7796066547044,768.9265355515681,0.7689265355515681
2011-08-10,daphnia mendotae,CLADOCERA,236,1.65,1,5551.286467953297,1850.428822651099,1.850428822651099
2011-08-10,diaphanosoma birgei,CLADOCERA,148545,0.93,90,698269.5627113691,232756.5209037897,232.7565209037897
2011-08-10,sinobosmina fryei,CLADOCERA,2829,0.31,12,3687.2706514943975,1229.0902171647992,1.2290902171647993
2011-09-15,copepod nauplii,COPEPODA,262429,0.5731928104575164,NA,305521.4340648697,101840.47802162323,101.84047802162323
2011-09-15,copepodites,COPEPODA,19099,0.52,27,28028.23549908174,9342.74516636058,9.342745166360581
2011-09-15,diacyclops thomasi,COPEPODA,16269,0.44,NA,29050.84111478748,9683.61370492916,9.68361370492916
2011-09-15,mesocyclops edax,COPEPODA,101152,1.1383269314459792,NA,1464307.6258140784,488102.54193802614,488.10254193802615
2011-09-15,diaptomid,COPEPODA,410266,1.21,93,1873815.064708969,624605.0215696563,624.6050215696563
2011-09-15,chydorus,CLADOCERA,3301,0.25,14,2988.0552842259153,996.0184280753051,0.9960184280753052
2011-09-15,daphnia mendotae,CLADOCERA,4480,0.99,19,48226.60539020821,16075.535130069404,16.075535130069404
2011-09-15,daphnia retrocurva,CLADOCERA,53759,1.21,91,686114.0927904471,228704.69759681568,228.70469759681566
2011-09-15,diaphanosoma birgei,CLADOCERA,3773,0.87,16,16541.21621064661,5513.738736882203,5.513738736882202
2011-09-15,sinobosmina fryei,CLADOCERA,23814,0.36,92,43317.55856651805,14439.186188839349,14.439186188839349
2011-11-01,copepod nauplii,COPEPODA,98322,0.5731928104575164,NA,114467.0689600849,38155.68965336163,38.155689653361634
2011-11-01,copepodites,COPEPODA,10610,0.46,15,11601.42359971249,3867.1411999041634,3.8671411999041636
2011-11-01,diacyclops thomasi,COPEPODA,31124,0.44,NA,55576.76432827128,18525.58810942376,18.525588109423758
2011-11-01,mesocyclops edax,COPEPODA,707,1.1383269314459792,NA,10234.750587734829,3411.583529244943,3.411583529244943
2011-11-01,diaptomid,COPEPODA,192401,1.33,90,1108897.8712957015,369632.62376523385,369.63262376523386
2011-11-01,chydorus,CLADOCERA,236,0.35,1,415.8437384432616,138.6145794810872,0.13861457948108719
2011-11-01,daphnia mendotae,CLADOCERA,20985,1.14,80,280331.8750244134,93443.95834147114,93.44395834147113
2011-11-01,daphnia retrocurva,CLADOCERA,78752,1.28,92,1173549.482735464,391183.1609118213,391.1831609118213
2011-11-01,daphnia pulicaria,CLADOCERA,472,1.13,2,4602.756680492113,1534.2522268307046,1.5342522268307046
2011-11-01,sinobosmina fryei,CLADOCERA,176131,0.4,90,405196.27575621055,135065.42525207018,135.06542525207018
2012-04-18,copepod nauplii,COPEPODA,228476,0.5731928104575164,NA,265993.1454580293,88664.38181934309,88.66438181934309
2012-04-18,copepodites,COPEPODA,19806,0.52,28,29065.77476804089,9688.591589346963,9.688591589346963
2012-04-18,diacyclops thomasi,COPEPODA,166936,0.44,NA,298090.3074766834,99363.43582556113,99.36343582556113
2012-04-18,mesocyclops edax,COPEPODA,6366,1.1383269314459792,NA,92156.18421714274,30718.728072380913,30.718728072380912
2012-04-18,diaptomid,COPEPODA,244745,1.27,93,1259157.8280485875,419719.2760161958,419.7192760161958
2012-04-18,chydorus,CLADOCERA,1415,0.37,6,2783.233452909668,927.7444843032226,0.9277444843032226
2012-04-18,daphnia mendotae,CLADOCERA,94314,1.39,92,1706495.3785026392,568831.7928342131,568.8317928342132
2012-04-18,daphnia retrocurva,CLADOCERA,943,1.49,4,21356.466825750762,7118.822275250254,7.118822275250254
2012-04-18,daphnia pulicaria,CLADOCERA,7545,0.97,32,48571.44382579629,16190.48127526543,16.19048127526543
2012-04-18,sinobosmina fryei,CLADOCERA,75451,0.39,90,164053.24799354532,54684.41599784844,54.68441599784844
2012-06-13,copepod nauplii,COPEPODA,464025,0.5731928104575164,NA,540220.7204308638,180073.5734769546,180.0735734769546
2012-06-13,copepodites,COPEPODA,35368,0.56,25,62006.736029709515,20668.91200990317,20.66891200990317
2012-06-13,diacyclops thomasi,COPEPODA,28294,0.44,NA,50523.35721321513,16841.11907107171,16.84111907107171
2012-06-13,mesocyclops edax,COPEPODA,58003,1.1383269314459792,NA,839669.3611603724,279889.78705345746,279.88978705345744
2012-06-13,diaptomid,COPEPODA,280113,1.23,93,1332014.7286116562,444004.90953721874,444.00490953721874
2012-06-13,chydorus,CLADOCERA,11789,0.33,25,18488.77877570018,6162.926258566727,6.162926258566727
2012-06-13,daphnia mendotae,CLADOCERA,64134,1.13,92,845272.3570269572,281757.45234231907,281.7574523423191
2012-06-13,daphnia retrocurva,CLADOCERA,2358,1.04,5,19830.285330691593,6610.095110230531,6.610095110230531
2012-06-13,daphnia pulicaria,CLADOCERA,19334,0.67,41,45493.340729500174,15164.446909833392,15.164446909833392
2012-06-13,diaphanosoma birgei,CLADOCERA,3301,0.86,7,14298.036703183623,4766.012234394541,4.766012234394541
2012-06-13,sinobosmina fryei,CLADOCERA,23579,0.35,50,40279.60264355014,13426.534214516714,13.426534214516714
2012-07-12,copepod nauplii,COPEPODA,80639,0.5731928104575164,NA,93880.41307003809,31293.471023346032,31.293471023346033
2012-07-12,copepodites,COPEPODA,14147,0.43,10,13157.268922005296,4385.756307335098,4.3857563073350985
2012-07-12,mesocyclops edax,COPEPODA,14147,1.1383269314459792,NA,204796.34591893156,68265.44863964386,68.26544863964386
2012-07-12,diaptomid,COPEPODA,414510,1.04,96,1304506.4027655066,434835.4675885022,434.83546758850224
2012-07-12,daphnia pulicaria,CLADOCERA,46685,0.59,84,77731.57847786693,25910.526159288976,25.910526159288978
2012-07-12,diaphanosoma birgei,CLADOCERA,243330,0.93,94,1143828.01638936,381276.00546312,381.27600546312
2012-07-12,sinobosmina fryei,CLADOCERA,4244,0.31,9,5531.557668767135,1843.8525562557115,1.8438525562557115
2012-08-08,copepod nauplii,COPEPODA,121665,0.5731928104575164,NA,141643.13119168373,47214.37706389458,47.21437706389458
2012-08-08,copepodites,COPEPODA,14854,0.49,21,18901.27566344711,6300.4252211490375,6.3004252211490375
2012-08-08,diacyclops thomasi,COPEPODA,8488,0.44,NA,15156.650032719659,5052.216677573219,5.052216677573219
2012-08-08,mesocyclops edax,COPEPODA,3537,1.1383269314459792,NA,51202.705557026995,17067.568519008997,17.067568519008997
2012-08-08,diaptomid,COPEPODA,1364488,1.07,95,4605353.819982942,1535117.939994314,1535.117939994314
2012-08-08,daphnia mendotae,CLADOCERA,943,0.92,4,9073.765074724497,3024.588358241499,3.024588358241499
2012-08-08,daphnia retrocurva,CLADOCERA,236,0.94,1,1502.2035057219214,500.7345019073071,0.5007345019073071
2012-08-08,daphnia pulicaria,CLADOCERA,4244,0.8980666666666667,NA,22155.285812973074,7385.095270991024,7.385095270991024
2012-08-08,diaphanosoma birgei,CLADOCERA,182733,0.91,92,839672.5711390589,279890.857046353,279.890857046353
2012-08-08,sinobosmina fryei,CLADOCERA,113177,0.32,94,158330.9115116314,52776.97050387713,52.77697050387713
2012-09-05,copepod nauplii,COPEPODA,93371,0.5731928104575164,NA,108703.08472032797,36234.36157344266,36.234361573442655
2012-09-05,copepodites,COPEPODA,8488,0.55,12,14251.24906226175,4750.41635408725,4.75041635408725
2012-09-05,diacyclops thomasi,COPEPODA,3537,0.44,NA,6315.866065707992,2105.2886885693306,2.1052886885693307
2012-09-05,mesocyclops edax,COPEPODA,63662,1.1383269314459792,NA,921590.7947897803,307196.9315965934,307.1969315965934
2012-09-05,diaptomid,COPEPODA,483124,1.1,93,1745395.3149277123,581798.4383092375,581.7984383092374
2012-09-05,chydorus,CLADOCERA,236,0.25,1,213.62649108673617,71.2088303622454,0.07120883036224539
2012-09-05,daphnia mendotae,CLADOCERA,4951,1.31,21,81814.29035450287,27271.430118167624,27.271430118167622
2012-09-05,daphnia retrocurva,CLADOCERA,236,1.18,1,2810.7111432293514,936.9037144097838,0.9369037144097838
2012-09-05,daphnia pulicaria,CLADOCERA,110112,0.8980666666666667,NA,574826.3033548754,191608.76778495847,191.60876778495847
2012-09-05,diaphanosoma birgei,CLADOCERA,62955,0.97,92,309255.94440715114,103085.31480238371,103.0853148023837
2012-09-05,sinobosmina fryei,CLADOCERA,45742,0.33,94,68534.98000932,22844.993336440002,22.84499333644
2012-10-30,copepod nauplii,COPEPODA,92664,0.5731928104575164,NA,107879.99103066768,35959.997010222556,35.95999701022256
2012-10-30,copepodites,COPEPODA,12732,0.54,18,20455.907818945754,6818.635939648585,6.818635939648585
2012-10-30,diacyclops thomasi,COPEPODA,38905,0.44,NA,69470.9554103391,23156.9851367797,23.1569851367797
2012-10-30,diaptomid,COPEPODA,84883,1.32,89,480221.69814765087,160073.8993825503,160.0738993825503
2012-10-30,chydorus,CLADOCERA,707,0.38,3,1466.02063944213,488.67354648071,0.48867354648071
2012-10-30,daphnia mendotae,CLADOCERA,29002,1.17,86,403137.9273466412,134379.30911554708,134.37930911554707
2012-10-30,daphnia pulicaria,CLADOCERA,236,1.06,1,1933.9560868306298,644.6520289435433,0.6446520289435433
2012-10-30,diaphanosoma birgei,CLADOCERA,236,1.05,1,1259.4671273284994,419.82237577616644,0.41982237577616643
2012-10-30,sinobosmina fryei,CLADOCERA,655954,0.47,105,2161844.4259080123,720614.8086360041,720.6148086360041
2013-02-25,copepod nauplii,COPEPODA,185327,0.5731928104575164,NA,215758.81785526793,71919.60595175598,71.91960595175598
2013-02-25,copepodites,COPEPODA,14854,0.57,21,27171.910637327837,9057.303545775945,9.057303545775945
2013-02-25,diacyclops thomasi,COPEPODA,207962,0.44,NA,371348.63973897806,123782.87991299269,123.7828799129927
2013-02-25,diaptomid,COPEPODA,43149,1.41,61,287117.021701122,95705.673900374,95.705673900374
2013-02-25,chydorus,CLADOCERA,3065,0.3,13,3980.3455595284363,1326.7818531761454,1.3267818531761455
2013-02-25,daphnia mendotae,CLADOCERA,4244,1.25,18,65276.18760494952,21758.72920164984,21.75872920164984
2013-02-25,daphnia pulicaria,CLADOCERA,236,2.33,1,16474.898979233407,5491.632993077802,5.491632993077802
2013-02-25,diaphanosoma birgei,CLADOCERA,236,0.88,1,1047.0860835821472,349.0286945273824,0.3490286945273824
2013-02-25,sinobosmina fryei,CLADOCERA,12497,0.53,53,53835.26166158865,17945.08722052955,17.945087220529548
2013-04-30,copepod nauplii,COPEPODA,618936,0.5731928104575164,NA,720569.0465397277,240189.68217990923,240.18968217990923
2013-04-30,copepodites,COPEPODA,42441,0.5,60,56687.94623401403,18895.982078004676,18.895982078004675
2013-04-30,diacyclops thomasi,COPEPODA,199474,0.44,NA,356191.9897062584,118730.66323541947,118.73066323541947
2013-04-30,mesocyclops edax,COPEPODA,5659,1.1383269314459792,NA,81921.43362940791,27307.14454313597,27.307144543135973
2013-04-30,diaptomid,COPEPODA,35368,1.01,49,103573.8856575373,34524.62855251243,34.52462855251243
2013-04-30,chydorus,CLADOCERA,66963,0.32,96,98812.26676923194,32937.422256410646,32.93742225641065
2013-04-30,daphnia mendotae,CLADOCERA,5659,1.21,24,82814.34521317645,27604.781737725483,27.60478173772548
2013-04-30,daphnia pulicaria,CLADOCERA,1415,0.91,6,7656.877148680817,2552.292382893606,2.5522923828936057
2013-04-30,sinobosmina fryei,CLADOCERA,6130,0.39,26,13328.470268126768,4442.823422708922,4.442823422708923
2013-06-12,copepod nauplii,COPEPODA,288601,0.5731928104575164,NA,335991.03526117717,111997.01175372572,111.99701175372572
2013-06-12,copepodites,COPEPODA,42441,0.38,30,29338.867417737507,9779.622472579169,9.779622472579169
2013-06-12,diacyclops thomasi,COPEPODA,2829,0.44,NA,5051.6214588317525,1683.8738196105842,1.6838738196105842
2013-06-12,diaptomid,COPEPODA,360751,0.77,94,541980.8174027674,180660.27246758912,180.66027246758912
2013-06-12,chydorus,CLADOCERA,29709,0.28,63,33656.04932845041,11218.68310948347,11.21868310948347
2013-06-12,daphnia mendotae,CLADOCERA,119779,1.28,91,1910385.8087095139,636795.269569838,636.795269569838
2013-06-12,daphnia retrocurva,CLADOCERA,472,1.21,1,6024.030428339273,2008.0101427797579,2.008010142779758
2013-06-12,daphnia pulicaria,CLADOCERA,1415,0.94,3,8363.091603255378,2787.697201085126,2.787697201085126
2013-06-12,sinobosmina fryei,CLADOCERA,93371,0.4,92,214803.6487820607,71601.21626068691,71.60121626068691
2013-07-10,copepod nauplii,COPEPODA,241208,0.5731928104575164,NA,280815.8171083192,93605.27236943973,93.60527236943973
2013-07-10,copepodites,COPEPODA,31831,0.46,45,34805.364241512565,11601.788080504188,11.601788080504187
2013-07-10,diacyclops thomasi,COPEPODA,14147,0.44,NA,25261.678606607566,8420.559535535855,8.420559535535855
2013-07-10,mesocyclops edax,COPEPODA,79224,1.1383269314459792,NA,1146871.118193358,382290.37273111934,382.29037273111936
2013-07-10,diaptomid,COPEPODA,171180,1.13,96,660746.9712319919,220248.99041066397,220.24899041066396
2013-07-10,chydorus,CLADOCERA,16741,0.25,70,15153.902912216314,5051.300970738771,5.051300970738771
2013-07-10,daphnia,CLADOCERA,10846,0.64,NA,48502.52612212566,16167.50870737522,16.16750870737522
2013-07-10,daphnia mendotae,CLADOCERA,3773,1.7,16,92898.2321536001,30966.077384533364,30.966077384533364
2013-07-10,diaphanosoma birgei,CLADOCERA,707,0.93,3,3323.4143245275036,1107.8047748425013,1.1078047748425013
2013-07-10,sinobosmina fryei,CLADOCERA,3301,0.32,14,4617.990748119276,1539.3302493730919,1.5393302493730918
2013-08-08,copepod nauplii,COPEPODA,113884,0.5731928104575164,NA,132584.4437811508,44194.81459371693,44.194814593716934
2013-08-08,copepodites,COPEPODA,10610,0.45,15,11005.316107669716,3668.438702556572,3.668438702556572
2013-08-08,diacyclops thomasi,COPEPODA,6366,0.44,NA,11367.487524539743,3789.1625081799143,3.7891625081799143
2013-08-08,mesocyclops edax,COPEPODA,4951,1.1383269314459792,NA,71672.20673249665,23890.735577498883,23.890735577498884
2013-08-08,diaptomid,COPEPODA,707,0.73,1,931.5428520670824,310.5142840223608,0.3105142840223608
2013-08-08,chydorus,CLADOCERA,943,0.27,4,994.0780015663496,331.35933385544985,0.33135933385544986
2013-08-08,sinobosmina fryei,CLADOCERA,2122,0.28,9,2204.362755843328,734.7875852811094,0.7347875852811094
2013-09-09,copepod nauplii,COPEPODA,98322,0.5731928104575164,NA,114467.0689600849,38155.68965336163,38.155689653361634
2013-09-09,copepodites,COPEPODA,30416,0.59,43,60439.941023342704,20146.647007780903,20.146647007780903
2013-09-09,diacyclops thomasi,COPEPODA,9196,0.44,NA,16420.8946395959,5473.631546531967,5.4736315465319665
2013-09-09,mesocyclops edax,COPEPODA,3537,1.1383269314459792,NA,51202.705557026995,17067.568519008997,17.067568519008997
2013-09-09,diaptomid,COPEPODA,707,0.98,1,1922.4043833816154,640.8014611272051,0.6408014611272052
2013-09-09,chydorus,CLADOCERA,5187,0.22,22,3645.5012364661,1215.1670788220333,1.2151670788220332
2013-09-09,sinobosmina fryei,CLADOCERA,7309,0.27,31,7001.460549349359,2333.820183116453,2.333820183116453
2013-10-31,copepod nauplii,COPEPODA,106811,0.5731928104575164,NA,124350.01426634556,41450.00475544852,41.45000475544852
2013-10-31,copepodites,COPEPODA,5659,0.44,8,5561.644456332793,1853.8814854442644,1.8538814854442645
2013-10-31,diacyclops thomasi,COPEPODA,6366,0.44,NA,11367.487524539743,3789.1625081799143,3.7891625081799143
2013-10-31,diaptomid,COPEPODA,707,1.06,1,2331.7448723937023,777.2482907979007,0.7772482907979007
2013-10-31,chydorus,CLADOCERA,3301,0.26,14,3229.2957937095757,1076.4319312365253,1.0764319312365254
2013-10-31,sinobosmina fryei,CLADOCERA,45271,0.36,90,82347.74476630715,27449.248255435716,27.449248255435716
2014-05-02,copepod nauplii,COPEPODA,183205,0.5731928104575164,NA,213288.3725802196,71096.12419340653,71.09612419340654
2014-05-02,copepodites,COPEPODA,55174,0.47,78,63525.25748143634,21175.085827145445,21.175085827145445
2014-05-02,diacyclops thomasi,COPEPODA,123080,0.44,NA,219778.56809933265,73259.52269977755,73.25952269977755
2014-05-02,mesocyclops edax,COPEPODA,4951,1.1383269314459792,NA,71672.20673249665,23890.735577498883,23.890735577498884
2014-05-02,chydorus,CLADOCERA,5659,0.31,24,7841.883136971002,2613.961045657001,2.6139610456570006
2014-05-02,daphnia pulicaria,CLADOCERA,2358,0.75,9,7540.724762895123,2513.5749209650407,2.513574920965041
2014-05-02,sinobosmina fryei,CLADOCERA,23107,0.35,88,39473.29311185856,13157.764370619521,13.157764370619521
2014-06-12,copepod nauplii,COPEPODA,95493,0.5731928104575164,NA,111173.52999537629,37057.84333179209,37.05784333179209
2014-06-12,copepodites,COPEPODA,22635,0.51,32,31704.873585126956,10568.291195042319,10.568291195042319
2014-06-12,diacyclops thomasi,COPEPODA,3537,0.44,NA,6315.866065707992,2105.2886885693306,2.1052886885693307
2014-06-12,mesocyclops edax,COPEPODA,63662,1.1383269314459792,NA,921590.7947897803,307196.9315965934,307.1969315965934
2014-06-12,tropocyclops,COPEPODA,707,0.70225,NA,4352.255387999091,1450.751795999697,1.450751795999697
2014-06-12,diaptomid,COPEPODA,14854,0.91,21,33658.47482154172,11219.491607180573,11.219491607180572
2014-06-12,chydorus,CLADOCERA,3065,0.26,13,2998.4221774370944,999.4740591456981,0.9994740591456981
2014-06-12,daphnia mendotae,CLADOCERA,10139,0.72,43,67046.02179212274,22348.67393070758,22.34867393070758
2014-06-12,daphnia parvula,CLADOCERA,7545,0.81,32,59746.26004233543,19915.42001411181,19.91542001411181
2014-06-12,daphnia retrocurva,CLADOCERA,2358,1.19,10,28743.9000964712,9581.300032157067,9.581300032157067
2014-06-12,diaphanosoma birgei,CLADOCERA,1179,0.66,5,3872.1149959513996,1290.7049986504665,1.2907049986504664
2014-06-12,sinobosmina fryei,CLADOCERA,23579,0.31,87,30732.468961324284,10244.156320441429,10.244156320441428
2014-07-10,copepod nauplii,COPEPODA,65784,0.5731928104575164,NA,76586.1319386325,25528.710646210835,25.528710646210836
2014-07-10,copepodites,COPEPODA,15562,0.51,22,21797.713396586954,7265.9044655289845,7.265904465528984
2014-07-10,diacyclops thomasi,COPEPODA,1415,0.44,NA,2526.703557528077,842.2345191760256,0.8422345191760257
2014-07-10,mesocyclops edax,COPEPODA,30416,1.1383269314459792,NA,440311.41991024406,146770.47330341468,146.7704733034147
2014-07-10,tropocyclops,COPEPODA,2122,0.70225,NA,13062.922112212264,4354.3073707374215,4.354307370737422
2014-07-10,diaptomid,COPEPODA,8488,0.88,12,17710.95307668242,5903.651025560807,5.903651025560808
2014-07-10,chydorus,CLADOCERA,2358,0.24,10,1968.7521153896787,656.2507051298929,0.6562507051298929
2014-07-10,daphnia retrocurva,CLADOCERA,472,1.28,2,7033.667155769237,2344.5557185897455,2.3445557185897457
2014-07-10,diaphanosoma birgei,CLADOCERA,3301,0.72,14,11873.85347085941,3957.951156953137,3.9579511569531367
2014-07-10,sinobosmina fryei,CLADOCERA,4716,0.28,20,4899.045596869526,1633.0151989565086,1.6330151989565085
2014-08-06,copepod nauplii,COPEPODA,31124,0.5731928104575164,NA,36234.74964213179,12078.249880710597,12.078249880710597
2014-08-06,copepodites,COPEPODA,7781,0.51,11,10898.856698293477,3632.9522327644922,3.632952232764492
2014-08-06,diacyclops thomasi,COPEPODA,2122,0.44,NA,3789.1625081799148,1263.0541693933048,1.2630541693933048
2014-08-06,mesocyclops edax,COPEPODA,30416,1.1383269314459792,NA,440311.41991024406,146770.47330341468,146.7704733034147
2014-08-06,diaptomid,COPEPODA,3537,1.01,5,10357.974258389206,3452.6580861297352,3.4526580861297353
2014-08-06,chydorus,CLADOCERA,11318,0.24,48,9449.676184045964,3149.892061348655,3.149892061348655
2014-08-06,diaphanosoma birgei,CLADOCERA,2829,0.73,12,10323.87250610488,3441.2908353682938,3.4412908353682936
2014-08-06,sinobosmina fryei,CLADOCERA,4244,0.25,18,3424.531505541896,1141.5105018472987,1.1415105018472986
2014-09-08,copepod nauplii,COPEPODA,69321,0.5731928104575164,NA,80703.92879906883,26901.30959968961,26.90130959968961
2014-09-08,copepodites,COPEPODA,22635,0.37,32,14677.150280051157,4892.383426683719,4.892383426683719
2014-09-08,diacyclops thomasi,COPEPODA,1415,0.44,NA,2526.703557528077,842.2345191760256,0.8422345191760257
2014-09-08,mesocyclops edax,COPEPODA,7781,1.1383269314459792,NA,112640.16170178882,37546.72056726294,37.546720567262945
2014-09-08,tropocyclops,COPEPODA,33953,0.70225,NA,209012.9097436112,69670.96991453707,69.67096991453707
2014-09-08,diaptomid,COPEPODA,707,0.74,1,963.2491454310831,321.0830484770277,0.32108304847702773
2014-09-08,chydorus,CLADOCERA,1650,0.25,7,1493.5750436148926,497.8583478716309,0.49785834787163086
2014-09-08,diaphanosoma birgei,CLADOCERA,236,0.51,1,591.9249984941214,197.3083328313738,0.1973083328313738
2014-09-08,sinobosmina fryei,CLADOCERA,8252,0.26,35,7266.981034373333,2422.3270114577776,2.4223270114577775
2014-11-03,copepod nauplii,COPEPODA,47393,0.5731928104575164,NA,55175.21815285799,18391.739384285996,18.391739384285998
2014-11-03,copepodites,COPEPODA,17684,0.44,25,17379.77037741458,5793.256792471527,5.793256792471527
2014-11-03,diacyclops thomasi,COPEPODA,2122,0.44,NA,3789.1625081799148,1263.0541693933048,1.2630541693933048
2014-11-03,mesocyclops edax,COPEPODA,1415,1.1383269314459792,NA,20483.977484646086,6827.992494882029,6.827992494882029
2014-11-03,tropocyclops,COPEPODA,20513,0.70225,NA,126276.96573412354,42092.321911374514,42.09232191137451
2014-11-03,diaptomid,COPEPODA,707,0.91,1,1602.0291974437857,534.009732481262,0.5340097324812619
2014-11-03,chydorus,CLADOCERA,11318,0.27,48,11931.044349658478,3977.0147832194925,3.9770147832194924
2014-11-03,sinobosmina fryei,CLADOCERA,150667,0.33,98,225743.51434270944,75247.83811423648,75.24783811423649
2015-01-28,copepod nauplii,COPEPODA,29002,0.5731928104575164,NA,33764.30436708348,11254.76812236116,11.25476812236116
2015-01-28,copepodites,COPEPODA,4244,0.46,6,4640.569439884996,1546.8564799616654,1.5468564799616653
2015-01-28,diacyclops thomasi,COPEPODA,83468,0.44,NA,149045.1537383417,49681.717912780565,49.68171791278056
2015-01-28,tropocyclops,COPEPODA,16977,0.70225,NA,104509.5328459131,34836.5109486377,34.836510948637695
2015-01-28,chydorus,CLADOCERA,6366,0.29,27,7730.556771017704,2576.8522570059013,2.576852257005901
2015-01-28,sinobosmina fryei,CLADOCERA,8488,0.39,36,18455.474002587278,6151.824667529093,6.151824667529093
2015-04-17,copepod nauplii,COPEPODA,552444,0.5731928104575164,NA,643158.6567053675,214386.21890178917,214.38621890178916
2015-04-17,copepodites,COPEPODA,86297,0.47,91,99359.10292665951,33119.70097555317,33.11970097555317
2015-04-17,diacyclops thomasi,COPEPODA,145715,0.44,NA,260196.89673865988,86732.29891288663,86.73229891288663
2015-04-17,mesocyclops edax,COPEPODA,2122,1.1383269314459792,NA,30718.728072380913,10239.57602412697,10.23957602412697
2015-04-17,chydorus,CLADOCERA,31831,0.3,90,41337.15481414345,13779.051604714483,13.779051604714484
2015-04-17,daphnia pulicaria,CLADOCERA,1650,0.78,7,5870.619267970803,1956.8730893236009,1.9568730893236008
2015-04-17,sinobosmina fryei,CLADOCERA,49986,0.35,95,85390.22934562522,28463.409781875074,28.463409781875075
2015-06-11,copepod nauplii,COPEPODA,199474,0.5731928104575164,NA,232228.84109094582,77409.61369698193,77.40961369698194
2015-06-11,copepodites,COPEPODA,41027,0.43,58,38156.73090147107,12718.910300490357,12.718910300490357
2015-06-11,diacyclops thomasi,COPEPODA,2829,0.44,NA,5051.6214588317525,1683.8738196105842,1.6838738196105842
2015-06-11,mesocyclops edax,COPEPODA,46685,1.1383269314459792,NA,675826.4939015565,225275.49796718548,225.2754979671855
2015-06-11,tropocyclops,COPEPODA,5659,0.70225,NA,34836.510948637704,11612.170316212569,11.612170316212568
2015-06-11,diaptomid,COPEPODA,4244,0.85,6,8131.2089339880695,2710.4029779960233,2.7104029779960235
2015-06-11,chydorus,CLADOCERA,22635,0.25,87,20489.134007407938,6829.711335802646,6.829711335802647
2015-06-11,daphnia mendotae,CLADOCERA,2122,0.65,9,11999.22239540406,3999.74079846802,3.9997407984680198
2015-06-11,daphnia parvula,CLADOCERA,236,0.74,1,1627.4141407082238,542.4713802360747,0.5424713802360747
2015-06-11,daphnia pulicaria,CLADOCERA,472,0.74,2,1455.3080391691997,485.10267972306656,0.48510267972306653
2015-06-11,diaphanosoma birgei,CLADOCERA,3301,0.7,14,11529.204367515973,3843.0681225053245,3.8430681225053247
2015-06-11,sinobosmina fryei,CLADOCERA,216215,0.29,96,242881.76747018096,80960.58915672699,80.96058915672698
2015-07-10,copepod nauplii,COPEPODA,96200,0.5731928104575164,NA,111996.62368503658,37332.207895012194,37.332207895012196
2015-07-10,copepodites,COPEPODA,24050,0.48,34,29125.350123649467,9708.450041216489,9.708450041216489
2015-07-10,diacyclops thomasi,COPEPODA,1415,0.44,NA,2526.703557528077,842.2345191760256,0.8422345191760257
2015-07-10,mesocyclops edax,COPEPODA,53759,1.1383269314459792,NA,778231.9050156105,259410.6350052035,259.4106350052035
2015-07-10,tropocyclops,COPEPODA,9196,0.70225,NA,56610.09978506314,18870.033261687713,18.870033261687713
2015-07-10,diaptomid,COPEPODA,6366,0.86,9,12552.840552329584,4184.280184109862,4.184280184109862
2015-07-10,chydorus,CLADOCERA,1650,0.25,7,1493.5750436148926,497.8583478716309,0.49785834787163086
2015-07-10,daphnia mendotae,CLADOCERA,472,0.94,2,4693.641822615861,1564.547274205287,1.564547274205287
2015-07-10,daphnia retrocurva,CLADOCERA,707,1.25,3,9869.17358320558,3289.7245277351935,3.2897245277351934
2015-07-10,diaphanosoma birgei,CLADOCERA,58239,0.74,99,215576.73895355195,71858.91298451732,71.85891298451732
2015-07-10,sinobosmina fryei,CLADOCERA,6602,0.27,28,6324.208858503826,2108.0696195012756,2.1080696195012756
2015-08-05,copepod nauplii,COPEPODA,323261,0.5731928104575164,NA,376342.4175576779,125447.47251922596,125.44747251922597
2015-08-05,copepodites,COPEPODA,171180,0.35,95,97138.95629519469,32379.65209839823,32.37965209839823
2015-08-05,mesocyclops edax,COPEPODA,68613,1.1383269314459792,NA,993263.0015222769,331087.6671740923,331.0876671740923
2015-08-05,tropocyclops,COPEPODA,54466,0.70225,NA,335289.8754777348,111763.2918259116,111.7632918259116
2015-08-05,diaptomid,COPEPODA,1415,1.04,2,4453.153265091776,1484.3844216972586,1.4843844216972586
2015-08-05,chydorus,CLADOCERA,11082,0.22,47,7788.595469928152,2596.1984899760505,2.5961984899760506
2015-08-05,daphnia retrocurva,CLADOCERA,472,0.96,2,3183.8353901557753,1061.2784633852584,1.0612784633852583
2015-08-05,diaphanosoma birgei,CLADOCERA,28294,0.65,90,91452.5579952117,30484.1859984039,30.484185998403902
2015-08-05,sinobosmina fryei,CLADOCERA,14619,0.26,62,12873.969430623336,4291.323143541112,4.291323143541112
2015-11-09,copepod nauplii,COPEPODA,106103,0.5731928104575164,NA,123525.75637061785,41175.252123539285,41.17525212353929
2015-11-09,copepodites,COPEPODA,41027,0.41,58,34035.18549928049,11345.061833093496,11.345061833093496
2015-11-09,diacyclops thomasi,COPEPODA,7781,0.44,NA,13894.19108206782,4631.39702735594,4.6313970273559395
2015-11-09,tropocyclops,COPEPODA,33246,0.70225,NA,204660.65435561212,68220.21811853738,68.22021811853737
2015-11-09,diaptomid,COPEPODA,18391,1.38,26,116069.22509344958,38689.74169781653,38.68974169781653
2015-11-09,chydorus,CLADOCERA,10846,0.25,46,9817.76662002856,3272.5888733428533,3.2725888733428534
2015-11-09,daphnia mendotae,CLADOCERA,943,1.16,4,12936.983154300684,4312.327718100228,4.312327718100228
2015-11-09,daphnia retrocurva,CLADOCERA,707,1.43,3,14297.370454336651,4765.790151445551,4.76579015144555
2015-11-09,daphnia pulicaria,CLADOCERA,236,0.83,1,994.2762515401446,331.4254171800482,0.3314254171800482
2015-11-09,sinobosmina fryei,CLADOCERA,194758,0.35,95,332701.76223133033,110900.58741044345,110.90058741044345
2016-02-05,copepod nauplii,COPEPODA,21221,0.5731928104575164,NA,24705.616956550533,8235.205652183511,8.235205652183511
2016-02-05,copepodites,COPEPODA,707,0.4543915343915344,NA,750.6354555372639,250.21181851242127,0.25021181851242125
2016-02-05,diacyclops thomasi,COPEPODA,2122,0.44,NA,3789.1625081799148,1263.0541693933048,1.2630541693933048
2016-02-05,diaptomid,COPEPODA,3537,1.1102891156462584,NA,13074.256785927553,4358.085595309184,4.358085595309184
2016-02-05,chydorus,CLADOCERA,9196,0.23,39,7057.590400178869,2352.530133392956,2.352530133392956
2016-02-05,daphnia retrocurva,CLADOCERA,236,0.64,1,520.8995392044828,173.63317973482762,0.17363317973482761
2016-02-05,sinobosmina fryei,CLADOCERA,55645,0.37,92,107592.58139311256,35864.19379770419,35.86419379770419
2016-03-30,copepod nauplii,COPEPODA,437853,0.5731928104575164,NA,509751.1192345564,169917.03974485214,169.91703974485213
2016-03-30,copepodites,COPEPODA,9196,0.4543915343915344,NA,9763.56951785103,3254.52317261701,3.25452317261701
2016-03-30,diacyclops thomasi,COPEPODA,13440,0.44,NA,23999.219655955727,7999.739885318576,7.999739885318576
2016-03-30,tropocyclops,COPEPODA,707,0.70225,NA,4352.255387999091,1450.751795999697,1.450751795999697
2016-03-30,diaptomid,COPEPODA,2829,1.1102891156462584,NA,10457.187573477253,3485.729191159084,3.485729191159084
2016-03-30,chydorus,CLADOCERA,14854,0.23,63,11399.896455443335,3799.9654851477785,3.7999654851477787
2016-03-30,daphnia parvula,CLADOCERA,236,0.96,1,2423.6569486238777,807.8856495412925,0.8078856495412925
2016-03-30,daphnia retrocurva,CLADOCERA,707,0.93,3,4369.5683753590265,1456.5227917863422,1.4565227917863421
2016-03-30,diaphanosoma birgei,CLADOCERA,236,1.97,1,2431.7850917853825,810.5950305951275,0.8105950305951275
2016-03-30,sinobosmina fryei,CLADOCERA,218809,0.35,90,373787.67440657207,124595.89146885736,124.59589146885736
2016-04-27,copepod nauplii,COPEPODA,397534,0.5731928104575164,NA,462811.494802571,154270.49826752368,154.2704982675237
2016-04-27,copepodites,COPEPODA,93371,0.4543915343915344,NA,99133.78093206487,33044.593644021625,33.044593644021624
2016-04-27,diacyclops thomasi,COPEPODA,367825,0.44,NA,656809.0007404699,218936.33358015664,218.93633358015666
2016-04-27,tropocyclops,COPEPODA,9903,0.70225,NA,60962.35517306223,20320.785057687408,20.32078505768741
2016-04-27,diaptomid,COPEPODA,707,1.1102891156462584,NA,2613.3727870089847,871.1242623363282,0.8711242623363282
2016-04-27,chydorus,CLADOCERA,23579,0.22,82,16571.674118880695,5523.891372960232,5.5238913729602315
2016-04-27,daphnia retrocurva,CLADOCERA,5187,0.56,22,7924.626565029311,2641.5421883431036,2.6415421883431036
2016-04-27,daphnia pulicaria,CLADOCERA,1886,0.85,8,8477.422310118138,2825.807436706046,2.8258074367060457
2016-04-27,diaphanosoma birgei,CLADOCERA,472,0.72,2,1697.8063732946507,565.9354577648836,0.5659354577648836
2016-04-27,sinobosmina fryei,CLADOCERA,357922,0.3,90,433627.7827669078,144542.59425563595,144.54259425563595
2016-06-09,copepod nauplii,COPEPODA,95493,0.5731928104575164,NA,111173.52999537629,37057.84333179209,37.05784333179209
2016-06-09,copepodites,COPEPODA,16269,0.4543915343915344,NA,17273.10923074363,5757.703076914543,5.757703076914543
2016-06-09,acanthocyclops,COPEPODA,21928,0.54,NA,27784.633849728496,9261.544616576166,9.261544616576167
2016-06-09,diacyclops thomasi,COPEPODA,5659,0.44,NA,10105.028573887907,3368.3428579626357,3.3683428579626358
2016-06-09,mesocyclops edax,COPEPODA,130861,1.1383269314459792,NA,1894384.2951365875,631461.4317121959,631.4614317121958
2016-06-09,tropocyclops,COPEPODA,12025,0.70225,NA,74025.2772852745,24675.092428424832,24.675092428424833
2016-06-09,diaptomid,COPEPODA,2122,1.1102891156462584,NA,7843.814786468269,2614.6049288227564,2.6146049288227564
2016-06-09,chydorus,CLADOCERA,20278,0.19,81,10661.708640208311,3553.9028800694373,3.553902880069437
2016-06-09,daphnia mendotae,CLADOCERA,4716,0.68,15,28573.710444321074,9524.570148107025,9.524570148107024
2016-06-09,daphnia parvula,CLADOCERA,52109,0.49,90,191222.27702177552,63740.75900725851,63.74075900725851
2016-06-09,daphnia retrocurva,CLADOCERA,159155,0.52,90,198247.4479235389,66082.48264117962,66.08248264117962
2016-06-09,daphnia pulicaria,CLADOCERA,15562,0.67,46,36617.73913481337,12205.91304493779,12.20591304493779
2016-06-09,diaphanosoma birgei,CLADOCERA,8724,0.49,37,20984.758753234393,6994.919584411465,6.994919584411464
2016-06-09,sinobosmina fryei,CLADOCERA,284593,0.23,90,190690.67256477618,63563.55752159206,63.56355752159206
2016-07-07,copepod nauplii,COPEPODA,410973,0.5731928104575164,NA,478457.26014252123,159485.7533808404,159.4857533808404
2016-07-07,copepodites,COPEPODA,186742,0.4543915343915344,NA,198267.56186412973,66089.18728804325,66.08918728804325
2016-07-07,acanthocyclops,COPEPODA,11318,0.54,NA,14340.864917513094,4780.288305837698,4.780288305837698
2016-07-07,diacyclops thomasi,COPEPODA,6366,0.44,NA,11367.487524539743,3789.1625081799143,3.7891625081799143
2016-07-07,mesocyclops edax,COPEPODA,181790,1.1383269314459792,NA,2631648.245182906,877216.0817276352,877.2160817276352
2016-07-07,tropocyclops,COPEPODA,36782,0.70225,NA,226428.08724382258,75476.02908127419,75.47602908127419
2016-07-07,diaptomid,COPEPODA,2829,1.1102891156462584,NA,10457.187573477253,3485.729191159084,3.485729191159084
2016-07-07,chydorus,CLADOCERA,115535,0.21,90,74055.94828787968,24685.316095959894,24.685316095959895
2016-07-07,daphnia parvula,CLADOCERA,707,0.71,3,4576.175206518601,1525.3917355062003,1.5253917355062003
2016-07-07,daphnia retrocurva,CLADOCERA,11318,0.76,47,40109.034240386936,13369.678080128979,13.36967808012898
2016-07-07,diaphanosoma birgei,CLADOCERA,146187,0.56,91,404327.664681629,134775.88822720965,134.77588822720966
2016-07-07,sinobosmina fryei,CLADOCERA,853070,0.24,90,628479.7163184606,209493.23877282022,209.4932387728202
2016-08-03,copepod nauplii,COPEPODA,227768,0.5731928104575164,NA,265168.8875623016,88389.62918743386,88.38962918743387
2016-08-03,copepodites,COPEPODA,75687,0.4543915343915344,NA,80358.3390710734,26786.11302369113,26.78611302369113
2016-08-03,acanthocyclops,COPEPODA,22635,0.54,NA,28680.46275030119,9560.154250100397,9.560154250100396
2016-08-03,diacyclops thomasi,COPEPODA,12025,0.44,NA,21472.516098427648,7157.505366142549,7.157505366142549
2016-08-03,mesocyclops edax,COPEPODA,19806,1.1383269314459792,NA,286717.7795483395,95572.59318277983,95.57259318277984
2016-08-03,tropocyclops,COPEPODA,14147,0.70225,NA,87088.19939748675,29029.39979916225,29.02939979916225
2016-08-03,diaptomid,COPEPODA,4244,1.1102891156462584,NA,15687.629572936537,5229.209857645513,5.229209857645513
2016-08-03,chydorus,CLADOCERA,11318,0.19,46,5950.745556261843,1983.581852087281,1.983581852087281
2016-08-03,daphnia mendotae,CLADOCERA,943,0.83,4,7751.2669577304605,2583.75565257682,2.58375565257682
2016-08-03,daphnia parvula,CLADOCERA,19099,0.39,30,49424.85401019249,16474.95133673083,16.47495133673083
2016-08-03,daphnia retrocurva,CLADOCERA,30652,0.6,47,56633.84500484959,18877.948334949862,18.877948334949863
2016-08-03,daphnia pulicaria,CLADOCERA,236,0.42,1,155.9023727473016,51.967457582433866,0.05196745758243387
2016-08-03,diaphanosoma birgei,CLADOCERA,242623,0.49,90,583606.7311996777,194535.57706655923,194.53557706655923
2016-08-03,sinobosmina fryei,CLADOCERA,69557,0.25,90,56126.32844744997,18708.776149149988,18.708776149149987
2016-09-08,copepod nauplii,COPEPODA,236964,0.5731928104575164,NA,275874.92655822256,91958.30885274085,91.95830885274086
2016-09-08,copepodites,COPEPODA,162692,0.4543915343915344,NA,172733.21574578292,57577.73858192764,57.57773858192764
2016-09-08,acanthocyclops,COPEPODA,707,0.54,NA,895.8289005726946,298.6096335242315,0.29860963352423153
2016-09-08,diacyclops thomasi,COPEPODA,2122,0.44,NA,3789.1625081799148,1263.0541693933048,1.2630541693933048
2016-09-08,mesocyclops edax,COPEPODA,28294,1.1383269314459792,NA,409592.6918378631,136530.89727928772,136.53089727928773
2016-09-08,tropocyclops,COPEPODA,25465,0.70225,NA,156761.22129476216,52253.74043158739,52.25374043158739
2016-09-08,diaptomid,COPEPODA,4244,1.1102891156462584,NA,15687.629572936537,5229.209857645513,5.229209857645513
2016-09-08,chydorus,CLADOCERA,13911,0.2,59,8095.774316318911,2698.5914387729704,2.6985914387729704
2016-09-08,daphnia retrocurva,CLADOCERA,12497,0.69,53,33935.76865860492,11311.922886201639,11.31192288620164
2016-09-08,daphnia pulicaria,CLADOCERA,472,0.74,2,1455.3080391691997,485.10267972306656,0.48510267972306653
2016-09-08,diaphanosoma birgei,CLADOCERA,33717,0.46,90,75918.53472734914,25306.17824244971,25.30617824244971
2016-09-08,sinobosmina fryei,CLADOCERA,185563,0.25,92,149732.8793032212,49910.9597677404,49.9109597677404
2016-11-01,copepod nauplii,COPEPODA,393290,0.5731928104575164,NA,457870.6042524744,152623.5347508248,152.6235347508248
2016-11-01,copepodites,COPEPODA,62955,0.4543915343915344,NA,66840.53055636272,22280.176852120905,22.280176852120906
2016-11-01,acanthocyclops,COPEPODA,56588,0.54,NA,71701.79041811547,23900.59680603849,23.90059680603849
2016-11-01,diacyclops thomasi,COPEPODA,12025,0.44,NA,21472.516098427648,7157.505366142549,7.157505366142549
2016-11-01,mesocyclops edax,COPEPODA,6366,1.1383269314459792,NA,92156.18421714274,30718.728072380913,30.718728072380912
2016-11-01,tropocyclops,COPEPODA,36782,0.70225,NA,226428.08724382258,75476.02908127419,75.47602908127419
2016-11-01,diaptomid,COPEPODA,6366,1.1102891156462584,NA,23531.444359404806,7843.814786468269,7.843814786468268
2016-11-01,chydorus,CLADOCERA,18391,0.2,56,10702.996581943864,3567.665527314621,3.567665527314621
2016-11-01,daphnia mendotae,CLADOCERA,4951,0.98,20,52475.28091273314,17491.76030424438,17.49176030424438
2016-11-01,daphnia retrocurva,CLADOCERA,23107,0.79,79,91104.66850413523,30368.222834711745,30.368222834711744
2016-11-01,daphnia pulicaria,CLADOCERA,707,0.99,3,4811.159946420277,1603.7199821400925,1.6037199821400925
2016-11-01,diaphanosoma birgei,CLADOCERA,943,0.63,4,2949.996317627748,983.332105875916,0.983332105875916
2016-11-01,sinobosmina fryei,CLADOCERA,626953,0.29,105,704277.9305817467,234759.3101939156,234.75931019391558
2017-02-16,copepod nauplii,COPEPODA,347311,0.5731928104575164,NA,404341.57347893703,134780.52449297902,134.78052449297903
2017-02-16,copepodites,COPEPODA,200182,0.4543915343915344,NA,212537.067553551,70845.689184517,70.845689184517
2017-02-16,acanthocyclops,COPEPODA,28294,0.54,NA,35850.89520905774,11950.298403019246,11.950298403019245
2017-02-16,diacyclops thomasi,COPEPODA,273039,0.44,NA,487553.78985435236,162517.9299514508,162.51792995145078
2017-02-16,diaptomid,COPEPODA,707,1.1102891156462584,NA,2613.3727870089847,871.1242623363282,0.8711242623363282
2017-02-16,chydorus,CLADOCERA,236,0.29,1,286.58677316371006,95.52892438790336,0.09552892438790336
2017-02-16,daphnia mendotae,CLADOCERA,3065,0.74,13,21135.696361316554,7045.232120438851,7.045232120438851
2017-02-16,daphnia parvula,CLADOCERA,1886,1.01,8,20933.505426869226,6977.835142289742,6.9778351422897424
2017-02-16,sinobosmina fryei,CLADOCERA,71207,0.33,90,106689.04554946546,35563.015183155156,35.56301518315516
2017-06-14,copepod nauplii,COPEPODA,261721,0.5731928104575164,NA,304697.176169142,101565.725389714,101.565725389714
2017-06-14,copepodites,COPEPODA,42441,0.4543915343915344,NA,45060.42343487555,15020.141144958516,15.020141144958515
2017-06-14,mesocyclops edax,COPEPODA,119543,1.1383269314459792,NA,1730541.4278777717,576847.1426259239,576.8471426259239
2017-06-14,tropocyclops,COPEPODA,1415,0.70225,NA,8710.666724213173,2903.5555747377243,2.9035555747377244
2017-06-14,diaptomid,COPEPODA,9196,1.1102891156462584,NA,33992.32835832337,11330.776119441123,11.330776119441124
2017-06-14,chydorus,CLADOCERA,10139,0.18,43,4789.758723630527,1596.5862412101758,1.596586241210176
2017-06-14,daphnia mendotae,CLADOCERA,37961,0.52,91,152564.5616907128,50854.85389690427,50.854853896904274
2017-06-14,daphnia parvula,CLADOCERA,236,0.59,1,1150.6876606267704,383.5625535422568,0.3835625535422568
2017-06-14,daphnia retrocurva,CLADOCERA,37961,0.62,90,76769.75123405675,25589.917078018916,25.589917078018917
2017-06-14,diaphanosoma birgei,CLADOCERA,472,0.54,2,1256.7596149576605,418.91987165255347,0.41891987165255345
2017-06-14,sinobosmina fryei,CLADOCERA,34425,0.27,94,32976.50559739385,10992.168532464617,10.992168532464618
2017-07-12,copepod nauplii,COPEPODA,198059,0.5731928104575164,NA,230581.4895055578,76860.4965018526,76.8604965018526
2017-07-12,copepodites,COPEPODA,60125,0.4543915343915344,NA,63835.86529586703,21278.621765289008,21.278621765289007
2017-07-12,acanthocyclops,COPEPODA,1415,0.54,NA,1792.9248858703859,597.641628623462,0.597641628623462
2017-07-12,diacyclops thomasi,COPEPODA,1415,0.44,NA,2526.703557528077,842.2345191760256,0.8422345191760257
2017-07-12,mesocyclops edax,COPEPODA,110347,1.1383269314459792,NA,1597417.2886913368,532472.4295637789,532.472429563779
2017-07-12,tropocyclops,COPEPODA,707,0.70225,NA,4352.255387999091,1450.751795999697,1.450751795999697
2017-07-12,diaptomid,COPEPODA,17684,1.1102891156462584,NA,65367.58750419645,21789.19583473215,21.789195834732148
2017-07-12,chydorus,CLADOCERA,29473,0.24,73,24607.731593248514,8202.577197749504,8.202577197749504
2017-07-12,daphnia mendotae,CLADOCERA,6366,0.61,27,32663.750726285238,10887.916908761747,10.887916908761747
2017-07-12,daphnia parvula,CLADOCERA,236,0.58,1,1120.9783463127073,373.65944877090243,0.3736594487709024
2017-07-12,daphnia retrocurva,CLADOCERA,4951,0.61,21,9573.893535966516,3191.2978453221717,3.191297845322172
2017-07-12,diaphanosoma birgei,CLADOCERA,32303,0.58,93,92683.50948348653,30894.503161162178,30.894503161162177
2017-07-12,sinobosmina fryei,CLADOCERA,5423,0.25,23,4375.87991389107,1458.62663796369,1.45862663796369
2017-08-09,copepod nauplii,COPEPODA,367825,0.5731928104575164,NA,428224.09674582724,142741.3655819424,142.7413655819424
2017-08-09,copepodites,COPEPODA,181790,0.4543915343915344,NA,193009.92851784892,64336.64283928298,64.33664283928297
2017-08-09,diacyclops thomasi,COPEPODA,2829,0.44,NA,5051.6214588317525,1683.8738196105842,1.6838738196105842
2017-08-09,mesocyclops edax,COPEPODA,179668,1.1383269314459792,NA,2600929.5171105247,866976.5057035083,866.9765057035082
2017-08-09,tropocyclops,COPEPODA,28294,0.70225,NA,174176.3987949735,58058.7995983245,58.0587995983245
2017-08-09,diaptomid,COPEPODA,8488,1.1102891156462584,NA,31375.259145873075,10458.419715291026,10.458419715291026
2017-08-09,chydorus,CLADOCERA,5423,0.2,23,3156.0192737687767,1052.0064245895921,1.0520064245895921
2017-08-09,daphnia mendotae,CLADOCERA,236,1.28,1,3764.0241683053396,1254.6747227684466,1.2546747227684465
2017-08-09,daphnia retrocurva,CLADOCERA,707,0.77,3,2597.368479054647,865.7894930182157,0.8657894930182157
2017-08-09,diaphanosoma birgei,CLADOCERA,39848,0.58,97,114331.56319530604,38110.52106510201,38.11052106510201
2017-08-09,sinobosmina fryei,CLADOCERA,16033,0.21,68,8771.049055079198,2923.6830183597326,2.9236830183597324
2017-09-08,copepod nauplii,COPEPODA,241208,0.5731928104575164,NA,280815.8171083192,93605.27236943973,93.60527236943973
2017-09-08,copepodites,COPEPODA,154203,0.4543915343915344,NA,163720.28168346916,54573.42722782306,54.57342722782305
2017-09-08,acanthocyclops,COPEPODA,79931,0.54,NA,101279.34915371436,33759.78305123812,33.75978305123812
2017-09-08,diacyclops thomasi,COPEPODA,707,0.44,NA,1262.4589506518378,420.8196502172793,0.4208196502172793
2017-09-08,mesocyclops edax,COPEPODA,32538,1.1383269314459792,NA,471030.14798262494,157010.04932754164,157.01004932754165
2017-09-08,diaptomid,COPEPODA,2122,1.1102891156462584,NA,7843.814786468269,2614.6049288227564,2.6146049288227564
2017-09-08,chydorus,CLADOCERA,14147,0.18,60,6683.175526501733,2227.7251755005777,2.2277251755005776
2017-09-08,daphnia mendotae,CLADOCERA,1415,0.82,6,11417.265531499705,3805.755177166568,3.805755177166568
2017-09-08,diaphanosoma birgei,CLADOCERA,13911,0.54,59,37039.79449931359,12346.598166437863,12.346598166437863
2017-09-08,sinobosmina fryei,CLADOCERA,1179,0.28,5,1224.7613992173815,408.25379973912715,0.4082537997391271
2017-10-31,copepod nauplii,COPEPODA,92664,0.5731928104575164,NA,107879.99103066768,35959.997010222556,35.95999701022256
2017-10-31,copepodites,COPEPODA,19099,0.4543915343915344,NA,20277.774491239325,6759.258163746442,6.759258163746442
2017-10-31,acanthocyclops,COPEPODA,3537,0.54,NA,4481.678672313466,1493.8928907711554,1.4938928907711555
2017-10-31,diaptomid,COPEPODA,707,1.1102891156462584,NA,2613.3727870089847,871.1242623363282,0.8711242623363282
2017-10-31,chydorus,CLADOCERA,2594,0.19,11,1363.8658749728947,454.62195832429825,0.45462195832429825
2017-10-31,sinobosmina fryei,CLADOCERA,4244,0.26,18,3737.405175700488,1245.801725233496,1.245801725233496
2018-02-26,copepod nauplii,COPEPODA,17684,0.5731928104575164,NA,20587.82009611421,6862.606698704737,6.862606698704737
2018-02-26,copepodites,COPEPODA,4244,0.4543915343915344,NA,4505.936171570223,1501.9787238567412,1.5019787238567412
2018-02-26,acanthocyclops,COPEPODA,39612,0.54,NA,50191.760126570836,16730.586708856947,16.730586708856947
2018-02-26,diacyclops thomasi,COPEPODA,19099,0.44,NA,34104.24822984363,11368.08274328121,11.36808274328121
2018-02-26,mesocyclops edax,COPEPODA,2122,1.1383269314459792,NA,30718.728072380913,10239.57602412697,10.23957602412697
2018-02-26,diaptomid,COPEPODA,707,1.1102891156462584,NA,2613.3727870089847,871.1242623363282,0.8711242623363282
2018-02-26,sinobosmina fryei,CLADOCERA,707,0.32,3,989.0698148804386,329.68993829347954,0.32968993829347953
2018-04-26,copepod nauplii,COPEPODA,186742,0.5731928104575164,NA,217406.16944065594,72468.72314688531,72.46872314688531
2018-04-26,acanthocyclops,COPEPODA,117421,0.54,NA,148782.3554938421,49594.11849794737,49.59411849794737
2018-04-26,diacyclops thomasi,COPEPODA,70028,0.44,NA,125045.93408238598,41681.97802746199,41.681978027461994
2018-04-26,mesocyclops edax,COPEPODA,4951,1.1383269314459792,NA,71672.20673249665,23890.735577498883,23.890735577498884
2018-04-26,diaptomid,COPEPODA,707,1.1102891156462584,NA,2613.3727870089847,871.1242623363282,0.8711242623363282
2018-04-26,chydorus,CLADOCERA,943,0.29,4,1145.1327419210957,381.71091397369855,0.38171091397369855
2018-04-26,daphnia mendotae,CLADOCERA,1415,0.46,6,4714.071644897651,1571.3572149658837,1.5713572149658837
2018-04-26,sinobosmina fryei,CLADOCERA,7781,0.38,33,15966.46407045714,5322.15469015238,5.32215469015238
2018-06-14,copepod nauplii,COPEPODA,38197,0.5731928104575164,NA,44469.17915693703,14823.059718979011,14.823059718979012
2018-06-14,copepodites,COPEPODA,7074,0.4543915343915344,NA,7510.601432065919,2503.5338106886397,2.50353381068864
2018-06-14,diacyclops thomasi,COPEPODA,2122,0.44,NA,3789.1625081799148,1263.0541693933048,1.2630541693933048
2018-06-14,mesocyclops edax,COPEPODA,13440,1.1383269314459792,NA,194561.59533119673,64853.86511039891,64.85386511039891
2018-06-14,tropocyclops,COPEPODA,1415,0.70225,NA,8710.666724213173,2903.5555747377243,2.9035555747377244
2018-06-14,diaptomid,COPEPODA,1415,1.1102891156462584,NA,5230.441999459284,1743.480666486428,1.743480666486428
2018-06-14,chydorus,CLADOCERA,9667,0.21,41,6196.380768589024,2065.4602561963416,2.0654602561963418
2018-06-14,daphnia mendotae,CLADOCERA,2829,0.48,12,10059.027458871948,3353.009152957316,3.353009152957316
2018-06-14,daphnia parvula,CLADOCERA,2829,0.69,12,17527.80491585253,5842.60163861751,5.84260163861751
2018-06-14,daphnia retrocurva,CLADOCERA,2358,0.61,10,4559.7335806522005,1519.9111935507335,1.5199111935507335
2018-06-14,diaphanosoma birgei,CLADOCERA,472,0.59,2,1378.682187695246,459.56072923174867,0.4595607292317487
2018-06-14,sinobosmina fryei,CLADOCERA,22400,0.26,88,19726.172463640654,6575.390821213551,6.575390821213551
2018-07-13,copepod nauplii,COPEPODA,32538,0.5731928104575164,NA,37880.937021452395,12626.979007150798,12.626979007150798
2018-07-13,copepodites,COPEPODA,1415,0.4543915343915344,NA,1502.3326302478476,500.7775434159492,0.5007775434159492
2018-07-13,acanthocyclops,COPEPODA,707,0.54,NA,895.8289005726946,298.6096335242315,0.29860963352423153
2018-07-13,diacyclops thomasi,COPEPODA,707,0.44,NA,1262.4589506518378,420.8196502172793,0.4208196502172793
2018-07-13,mesocyclops edax,COPEPODA,707,1.1383269314459792,NA,10234.750587734829,3411.583529244943,3.411583529244943
2018-07-13,tropocyclops,COPEPODA,3537,0.70225,NA,21773.58883642544,7257.862945475146,7.257862945475146
2018-07-13,diaptomid,COPEPODA,707,1.1102891156462584,NA,2613.3727870089847,871.1242623363282,0.8711242623363282
2018-07-13,daphnia mendotae,CLADOCERA,1179,0.5,5,4462.368287128064,1487.4560957093547,1.4874560957093548
2018-07-13,daphnia retrocurva,CLADOCERA,1650,0.62,7,3336.8480687071897,1112.2826895690632,1.1122826895690632
2018-07-13,diaphanosoma birgei,CLADOCERA,3537,0.34,15,5805.888860767899,1935.296286922633,1.9352962869226331
2018-07-13,sinobosmina fryei,CLADOCERA,4008,0.32,17,5607.060562999714,1869.0201876665715,1.8690201876665715
2018-08-09,copepod nauplii,COPEPODA,84883,0.5731928104575164,NA,98821.30362013473,32940.43454004491,32.94043454004491
2018-08-09,copepodites,COPEPODA,52344,0.4543915343915344,NA,55574.628408263845,18524.876136087947,18.524876136087947
2018-08-09,mesocyclops edax,COPEPODA,707,1.1383269314459792,NA,10234.750587734829,3411.583529244943,3.411583529244943
2018-08-09,tropocyclops,COPEPODA,21928,0.70225,NA,134987.6324583367,44995.87748611224,44.995877486112235
2018-08-09,chydorus,CLADOCERA,943,0.22,4,662.7545143604266,220.91817145347554,0.22091817145347553
2018-08-09,diaphanosoma birgei,CLADOCERA,236,0.82,1,972.5570125341075,324.1856708447025,0.3241856708447025
2018-08-09,sinobosmina fryei,CLADOCERA,10610,0.19,45,4643.685012526528,1547.8950041755095,1.5478950041755095
2018-09-06,copepod nauplii,COPEPODA,24050,0.5731928104575164,NA,27999.155921259146,9333.051973753049,9.333051973753049
2018-09-06,copepodites,COPEPODA,3537,0.4543915343915344,NA,3755.3007160329594,1251.7669053443199,1.25176690534432
2018-09-06,acanthocyclops,COPEPODA,707,0.54,NA,895.8289005726946,298.6096335242315,0.29860963352423153
2018-09-06,mesocyclops edax,COPEPODA,4951,1.1383269314459792,NA,71672.20673249665,23890.735577498883,23.890735577498884
2018-09-06,tropocyclops,COPEPODA,50930,0.70225,NA,313522.4425895243,104507.48086317477,104.50748086317478
2018-09-06,diaptomid,COPEPODA,707,1.1102891156462584,NA,2613.3727870089847,871.1242623363282,0.8711242623363282
2018-09-06,daphnia mendotae,CLADOCERA,472,0.91,2,4466.371482934399,1488.7904943114663,1.4887904943114663
2018-09-06,diaphanosoma birgei,CLADOCERA,236,0.69,1,811.9549146217787,270.65163820725957,0.27065163820725957
2018-11-01,copepod nauplii,COPEPODA,6366,0.5731928104575164,NA,7411.335825144936,2470.445275048312,2.470445275048312
2018-11-01,acanthocyclops,COPEPODA,3537,0.54,NA,4481.678672313466,1493.8928907711554,1.4938928907711555
2018-11-01,diaptomid,COPEPODA,2122,1.1102891156462584,NA,7843.814786468269,2614.6049288227564,2.6146049288227564
2018-11-01,sinobosmina fryei,CLADOCERA,943,0.3,4,1142.4584103497243,380.8194701165748,0.3808194701165748
2007-03-08,diaptomus spp,COPEPODA,15562,1.1102891156462584,NA,57523.77271772818,19174.590905909394,19.174590905909394
2007-04-18,diaptomus spp,COPEPODA,12025,1.1102891156462584,NA,44449.515931800626,14816.505310600209,14.816505310600208
2007-07-11,diaptomus spp,COPEPODA,31831,1.1102891156462584,NA,117660.91822246535,39220.306074155116,39.22030607415512
2007-08-08,diaptomus spp,COPEPODA,6366,1.1102891156462584,NA,23531.444359404806,7843.814786468269,7.843814786468268
2007-09-05,diaptomus spp,COPEPODA,7781,1.1102891156462584,NA,28761.88635886409,9587.295452954697,9.587295452954697
2007-10-31,diaptomus spp,COPEPODA,14854,1.1102891156462584,NA,54906.70350527788,18302.234501759292,18.302234501759294
2008-02-18,diaptomus spp,COPEPODA,25465,1.1102891156462584,NA,94129.47386306054,31376.491287686847,31.376491287686846
2008-04-15,diaptomus spp,COPEPODA,7781,1.1102891156462584,NA,28761.88635886409,9587.295452954697,9.587295452954697
2008-07-09,diaptomus spp,COPEPODA,24050,1.1102891156462584,NA,88899.03186360125,29633.010621200418,29.633010621200416
2008-08-06,diaptomus spp,COPEPODA,32538,1.1102891156462584,NA,120274.29100947433,40091.430336491445,40.09143033649144
2008-09-08,diaptomus spp,COPEPODA,7781,1.1102891156462584,NA,28761.88635886409,9587.295452954697,9.587295452954697
2008-11-03,diaptomus spp,COPEPODA,24758,1.255144557823129,NA,101568.84073241212,33856.28024413737,33.85628024413737
2009-02-16,diaptomus spp,COPEPODA,47393,1.34,66,278228.2298339356,92742.74327797854,92.74274327797855
2009-04-13,diaptomus spp,COPEPODA,27587,1.26,38,139195.5027465761,46398.500915525365,46.39850091552537
2009-06-11,diaptomus spp,COPEPODA,200889,1.2,96,898982.4432766561,299660.81442555203,299.660814425552
2009-07-07,diaptomus spp,COPEPODA,52344,1.13,65,202045.44609281098,67348.482030937,67.34848203093699
2009-08-03,diaptomus spp,COPEPODA,11318,0.86,16,22317.475553136388,7439.15851771213,7.43915851771213
2009-08-31,diaptomus spp,COPEPODA,100444,1.05,92,323637.51894313603,107879.17298104534,107.87917298104534
2009-11-04,diaptomus spp,COPEPODA,40319,1.28,57,211473.26254439037,70491.08751479679,70.49108751479679
2010-02-05,diaptomus spp,COPEPODA,2829,1.36,3,17224.548633141916,5741.516211047306,5.741516211047306
2010-04-14,diaptomus spp,COPEPODA,35368,1.3,50,192717.13764602965,64239.04588200988,64.23904588200988
2010-06-10,diaptomus spp,COPEPODA,77102,1.27,91,396672.40130830946,132224.13376943648,132.2241337694365
2010-07-07,diaptomus spp,COPEPODA,5659,1.1102891156462584,NA,20918.07157239582,6972.69052413194,6.97269052413194
2010-08-05,diaptomus spp,COPEPODA,4951,1.1102891156462584,NA,18301.002359945523,6100.3341199818415,6.1003341199818415
2010-08-31,diaptomus spp,COPEPODA,2122,1.1102891156462584,NA,7843.814786468269,2614.6049288227564,2.6146049288227564
2010-11-10,diaptomus spp,COPEPODA,3537,1.37,3,21926.880163762286,7308.960054587428,7.308960054587428
2011-01-27,diaptomus spp,COPEPODA,4951,1.47,7,36500.83149483985,12166.943831613282,12.166943831613281
2011-05-18,diaptomus spp,COPEPODA,2829,0.64,4,2696.7759813302605,898.9253271100869,0.8989253271100869
2011-06-15,diaptomus spp,COPEPODA,36075,1.24,51,174997.91458631153,58332.638195437175,58.33263819543718
2011-07-13,diaptomus spp,COPEPODA,161984,1.26,93,817321.3584986182,272440.45283287275,272.4404528328727
2011-08-10,diaptomus spp,COPEPODA,511418,1.11,92,1889207.7799223259,629735.9266407753,629.7359266407752
2011-09-15,diaptomus spp,COPEPODA,410266,1.21,93,1873815.064708969,624605.0215696563,624.6050215696563
2011-11-01,diaptomus spp,COPEPODA,192401,1.33,90,1108897.8712957015,369632.62376523385,369.63262376523386
2012-04-18,diaptomus spp,COPEPODA,244745,1.27,93,1259157.8280485875,419719.2760161958,419.7192760161958
2012-06-13,diaptomus spp,COPEPODA,280113,1.23,93,1332014.7286116562,444004.90953721874,444.00490953721874
2012-07-12,diaptomus spp,COPEPODA,414510,1.04,96,1304506.4027655066,434835.4675885022,434.83546758850224
2012-08-08,diaptomus spp,COPEPODA,1364488,1.07,95,4605353.819982942,1535117.939994314,1535.117939994314
2012-09-05,diaptomus spp,COPEPODA,483124,1.1,93,1745395.3149277123,581798.4383092375,581.7984383092374
2012-10-30,diaptomus spp,COPEPODA,84883,1.32,89,480221.69814765087,160073.8993825503,160.0738993825503
2013-02-25,diaptomus spp,COPEPODA,43149,1.41,61,287117.021701122,95705.673900374,95.705673900374
2013-04-30,diaptomus spp,COPEPODA,35368,1.01,49,103573.8856575373,34524.62855251243,34.52462855251243
2013-06-12,diaptomus spp,COPEPODA,360751,0.77,94,541980.8174027674,180660.27246758912,180.66027246758912
2013-07-10,diaptomus spp,COPEPODA,171180,1.13,96,660746.9712319919,220248.99041066397,220.24899041066396
2013-08-08,diaptomus spp,COPEPODA,707,0.73,1,931.5428520670824,310.5142840223608,0.3105142840223608
2013-09-09,diaptomus spp,COPEPODA,707,0.98,1,1922.4043833816154,640.8014611272051,0.6408014611272052
2013-10-31,diaptomus spp,COPEPODA,707,1.06,1,2331.7448723937023,777.2482907979007,0.7772482907979007
2014-06-12,diaptomus spp,COPEPODA,14854,0.91,21,33658.47482154172,11219.491607180573,11.219491607180572
2014-07-10,diaptomus spp,COPEPODA,8488,0.88,12,17710.95307668242,5903.651025560807,5.903651025560808
2014-08-06,diaptomus spp,COPEPODA,3537,1.01,5,10357.974258389206,3452.6580861297352,3.4526580861297353
2014-09-08,diaptomus spp,COPEPODA,707,0.74,1,963.2491454310831,321.0830484770277,0.32108304847702773
2014-11-03,diaptomus spp,COPEPODA,707,0.91,1,1602.0291974437857,534.009732481262,0.5340097324812619
2015-06-11,diaptomus spp,COPEPODA,4244,0.85,6,8131.2089339880695,2710.4029779960233,2.7104029779960235
2015-07-10,diaptomus spp,COPEPODA,6366,0.86,9,12552.840552329584,4184.280184109862,4.184280184109862
2015-08-05,diaptomus spp,COPEPODA,1415,1.04,2,4453.153265091776,1484.3844216972586,1.4843844216972586
2015-11-09,diaptomus spp,COPEPODA,18391,1.38,26,116069.22509344958,38689.74169781653,38.68974169781653
2016-02-05,diaptomus spp,COPEPODA,3537,1.1102891156462584,NA,13074.256785927553,4358.085595309184,4.358085595309184
2016-03-30,diaptomus spp,COPEPODA,2829,1.1102891156462584,NA,10457.187573477253,3485.729191159084,3.485729191159084
2016-04-27,diaptomus spp,COPEPODA,707,1.1102891156462584,NA,2613.3727870089847,871.1242623363282,0.8711242623363282
2016-06-09,diaptomus spp,COPEPODA,2122,1.1102891156462584,NA,7843.814786468269,2614.6049288227564,2.6146049288227564
2016-07-07,diaptomus spp,COPEPODA,2829,1.1102891156462584,NA,10457.187573477253,3485.729191159084,3.485729191159084
2016-08-03,diaptomus spp,COPEPODA,4244,1.1102891156462584,NA,15687.629572936537,5229.209857645513,5.229209857645513
2016-09-08,diaptomus spp,COPEPODA,4244,1.1102891156462584,NA,15687.629572936537,5229.209857645513,5.229209857645513
2016-11-01,diaptomus spp,COPEPODA,6366,1.1102891156462584,NA,23531.444359404806,7843.814786468269,7.843814786468268
2017-02-16,diaptomus spp,COPEPODA,707,1.1102891156462584,NA,2613.3727870089847,871.1242623363282,0.8711242623363282
2017-06-14,diaptomus spp,COPEPODA,9196,1.1102891156462584,NA,33992.32835832337,11330.776119441123,11.330776119441124
2017-07-12,diaptomus spp,COPEPODA,17684,1.1102891156462584,NA,65367.58750419645,21789.19583473215,21.789195834732148
2017-08-09,diaptomus spp,COPEPODA,8488,1.1102891156462584,NA,31375.259145873075,10458.419715291026,10.458419715291026
2017-09-08,diaptomus spp,COPEPODA,2122,1.1102891156462584,NA,7843.814786468269,2614.6049288227564,2.6146049288227564
2017-10-31,diaptomus spp,COPEPODA,707,1.1102891156462584,NA,2613.3727870089847,871.1242623363282,0.8711242623363282
2018-02-26,diaptomus spp,COPEPODA,707,1.1102891156462584,NA,2613.3727870089847,871.1242623363282,0.8711242623363282
2018-04-26,diaptomus spp,COPEPODA,707,1.1102891156462584,NA,2613.3727870089847,871.1242623363282,0.8711242623363282
2018-06-14,diaptomus spp,COPEPODA,1415,1.1102891156462584,NA,5230.441999459284,1743.480666486428,1.743480666486428
2018-07-13,diaptomus spp,COPEPODA,707,1.1102891156462584,NA,2613.3727870089847,871.1242623363282,0.8711242623363282
2018-09-06,diaptomus spp,COPEPODA,707,1.1102891156462584,NA,2613.3727870089847,871.1242623363282,0.8711242623363282
2018-11-01,diaptomus spp,COPEPODA,2122,1.1102891156462584,NA,7843.814786468269,2614.6049288227564,2.6146049288227564
